债券简称,成交净价,最新收益率,涨跌,加权收益率,交易量
26国开05,101.27,1.7728,0.53,1.7706,1797.3
26超长特别国债04,101.29,2.171,0.57,2.167,739.91
26进出01,100.04,1.3335,-0.15,1.333,720.7
26附息国债10,100.3,1.686,0.75,1.6804,306.263
26超长特别国债02,100.54,2.175,0.55,2.1726,288.752
26超长特别国债06,99.83,2.1475,0.95,2.1419,252.9001
26附息国债14,99.88,1.2109,-0.1,1.2124,165.43
26工行永续债04BC,100.0,1.8607,,1.8607,156.2
26附息国债12,100.25,1.52,0.65,1.5175,151.9
26农业银行CD202,98.53,1.4899,,1.4908,151.0
26超长特别国债03,107.17,2.2782,-0.42,2.2838,121.1
26建设银行CD297,98.91,1.475,,1.4759,120.0
26工商银行CD171,98.91,1.475,,1.476,117.0
26交通银行CD165,98.91,1.475,,1.4752,116.5
19附息国债16,100.54,0.6802,1.0,0.6802,106.5
25国开15,99.25,1.7433,0.78,1.7385,106.4
26农发10,100.1,1.798,0.6,1.7938,92.5
26农发01,100.07,1.2775,-0.94,1.2863,85.7
26国开10,99.85,1.7665,0.55,1.7629,83.2
24特别国债04,106.46,2.16,0.75,2.1574,74.7
25超长特别国债05,94.4,2.162,0.95,2.1533,72.8
25超长特别国债06,99.28,2.1835,0.45,2.1791,61.0
25超长特别国债02,94.81,2.123,0.8,2.118,56.36
26工商银行CD155,98.53,1.485,1.0,1.4848,54.0
26附息国债07,100.9,1.514,0.7,1.5094,50.055
25国开20,100.78,1.7748,0.68,1.7706,49.1
26建设银行CD290,98.54,1.485,1.0,1.4849,49.0
26中国银行CD064,98.91,1.475,,1.475,46.5
26工商银行CD168,98.54,1.485,-0.05,1.485,40.5
23农发清发07,104.32,1.54,1.5,1.54,39.9
26附息国债05,100.6,1.681,0.7,1.6761,39.2415
26附息国债16,99.77,1.685,0.8,1.6823,37.862
23附息国债23,117.93,2.1258,0.5,2.1222,37.4574
20农发04,105.04,1.505,0.25,1.505,34.8
26进出清发001,100.06,1.39,1.0,1.3909,33.4
26国开06,100.05,1.3775,0.53,1.3747,32.9
26农业银行CD088,99.29,1.4459,0.61,1.4426,32.87
26超长特别国债05,101.69,2.135,0.95,2.1289,32.21
26附息国债15,99.94,1.4135,1.35,1.4083,31.7179
24国开08,101.13,1.4435,0.1,1.444,30.9
25附息国债04,100.21,1.5835,0.35,1.5823,30.535
26农业银行CD128,99.28,1.4426,0.24,1.4436,30.0
26附息国债17,99.94,1.25,0.25,1.2499,29.5109
26国开08,100.07,1.535,1.0,1.5358,29.0
24国开05,106.49,1.68,0.25,1.6784,28.901
23进出11,107.62,1.6575,0.51,1.6558,28.3
26进出08,99.99,1.3874,1.24,1.3772,28.2
25国开08,100.14,1.5,0.08,1.5009,27.0
22国开08,101.02,1.31,-0.25,1.3104,26.8
23国开08,101.83,1.4175,1.0,1.419,26.6
25国开10,100.49,1.7369,0.34,1.7344,26.2
24附息国债11,105.39,1.525,0.47,1.5239,26.13
25进出61,100.0,1.2402,-0.01,1.2403,25.9
24特别国债03,110.43,2.1775,-0.25,2.1824,25.2
26国开03,100.64,1.54,0.5,1.5359,24.9413
26附息国债13,99.94,1.243,0.55,1.2409,24.63
26兴业银行CD147,99.64,1.44,-0.02,1.4401,24.0
26宁波银行CD243,99.27,1.465,-0.26,1.465,24.0
23农发绿债03,100.13,1.3197,,1.3097,23.4
25附息国债03,100.39,1.31,0.25,1.3102,23.3615
26国开清发02,100.04,1.475,1.0,1.475,22.6
26重庆银行绿债01,100.0,1.59,,1.5904,22.6
21云南09,133.24,2.16,,2.1595,22.4
25附息国债05,100.34,1.21,-0.51,1.211,22.38
26农业银行CD100,98.91,1.4601,1.0,1.4623,22.0
24特别国债05,104.22,2.0475,1.25,2.0405,21.61
25交通银行CD261,98.43,1.4401,0.76,1.4401,21.0
25附息国债20,100.93,1.395,0.25,1.3934,20.6
25附息国债07,101.95,1.42,0.4,1.4192,20.5418
22进出11,107.18,1.62,0.5,1.6187,19.9
24特别国债01,108.68,2.152,-0.13,2.152,19.8
24国开15,104.05,1.704,0.4,1.7006,19.6
26河南债65,100.0,2.28,0.9,2.2794,19.4
18附息国债19,105.13,0.8547,-4.53,0.8548,19.0
24国开10,104.65,1.695,0.5,1.6913,18.8
26农行二级资本债02BC,100.15,1.8531,1.0,1.8526,18.2
26进出06,99.99,1.4,0.7,1.3984,18.0
26工商银行CD154,98.53,1.485,1.0,1.4851,18.0
26附息国债02,104.43,2.175,0.4,2.1724,17.8
23四川69,113.37,2.0625,-2.75,2.0646,17.5
22农发05,107.89,1.605,0.5,1.6018,17.4
25附息国债21,99.59,2.294,1.2,2.2945,17.2
25国开03,99.31,1.483,1.0,1.4841,17.2
26农业银行CD190,98.53,1.494,0.15,1.4937,17.0
26中信银行CD140,98.91,1.4599,-0.02,1.4592,17.0
23湖南债135,103.3,1.2792,4.59,1.2792,16.5
26东莞银行债01,100.0,1.61,,1.6102,16.4
22国开05,107.3,1.5645,0.7,1.5581,16.292
23广东债04,114.52,1.7063,1.13,1.703,16.0
26重庆银行CD063,98.52,1.4999,,1.4999,16.0
22进出10,108.31,1.585,0.5,1.5806,15.8
23四川债23,115.69,2.0475,0.95,2.047,15.7
23附息国债25,100.25,0.9051,0.03,0.9052,15.4
26农业银行CD199,98.04,2.0102,51.82,1.5576,15.2
23河北债62,103.27,1.2798,,1.2798,15.0
26工商银行CD159,98.54,1.485,0.1,1.4843,15.0
26建设银行CD285,98.54,1.485,-0.05,1.4849,15.0
26交通银行CD154,99.27,1.4574,-0.05,1.4574,15.0
26国开02,100.08,1.44,-1.05,1.441,14.9
26建行二级资本债01BC,100.28,1.8581,0.12,1.8567,14.6
23国开03,101.73,1.3975,1.0,1.3975,14.4
26建设银行CD220,98.53,1.485,0.1,1.4849,14.0
26附息国债08,100.43,1.4025,0.35,1.3993,13.7
26农发03,100.17,1.47,-0.25,1.4574,13.7
26超长特别国债01,101.08,2.1325,0.95,2.127,13.6
26贴现国债54,99.71,1.1749,-0.6,1.1771,13.2
26建设银行CD237,98.53,1.485,1.0,1.485,13.0
26建设银行CD106,99.29,1.4398,0.5,1.4398,13.0
26农发清发01,99.96,1.37,-0.51,1.3724,12.9
25农发30,100.57,1.75,1.0,1.751,12.7
24国开03,102.03,1.444,0.1,1.4439,12.6
23附息国债18,106.85,1.4785,0.75,1.473,12.576
22附息国债07,100.85,0.9976,0.16,0.9977,12.45
24附息国债04,105.89,1.51,0.5,1.5058,12.3
25国开05,98.81,1.725,0.05,1.7245,12.3
22国开10,107.48,1.575,-0.25,1.5767,12.1
26中国银行CD050,99.27,1.4501,-0.24,1.4513,12.0
26四川债64,100.03,2.2788,0.08,2.2785,12.0
26交通银行CD053,98.49,1.4599,1.0,1.4599,12.0
26成都银行CD048,99.24,1.3995,2.93,1.3965,12.0
26宁波银行CD200,99.29,1.4449,-0.59,1.4449,12.0
17国开10,101.51,1.3499,0.5,1.3499,11.9
25附息国债19,100.02,1.1102,-0.01,1.1144,11.6
26山东08,104.47,2.28,1.0,2.2795,11.6
24陕西债20,105.15,1.6111,0.41,1.6106,11.4
25农发20,100.23,1.751,0.2,1.7507,11.3
25国开18,101.0,1.5375,0.25,1.5363,11.1
26贴现国债53,99.4,1.21,-0.63,1.2115,11.1
26农业银行CD197,98.53,1.493,0.1,1.493,11.0
26贵州银行CD077,98.5,1.5199,,1.5199,11.0
26北京银行CD032,98.88,1.4451,1.0,1.4451,11.0
26宁波银行CD242,99.27,1.4649,-0.51,1.4649,11.0
26江苏银行债03BC,100.0,1.58,1.0,1.5875,10.9
26山东02,104.53,2.2775,0.35,2.2796,10.8
25附息国债16,101.53,1.645,0.2,1.6424,10.7
26贴现国债52,99.71,1.175,1.0,1.175,10.7
20国开10,105.73,1.5125,1.0,1.5105,10.6
25附息国债24,100.15,1.24,-0.95,1.2407,10.6
21附息国债05,130.02,2.1425,0.5,2.1409,10.507
26国信证券CP006,100.0,1.4999,,1.4999,10.5
26农业银行CD124,99.28,1.4425,0.01,1.4424,10.4
21附息国债07,103.27,1.0225,1.0,1.0225,10.2
22农发10,107.7,1.63,0.75,1.6281,10.0
26徽商银行CD181,99.28,1.4649,,1.4649,10.0
20附息国债17,102.91,0.87,1.5,0.872,10.0
26中信银行CD223,99.64,1.4397,0.95,1.4398,10.0
26农业银行CD120,99.29,1.4426,-0.23,1.4444,10.0
26宁波银行CD259,98.53,1.4925,0.25,1.4913,10.0
26苏州银行CD026,99.26,1.3891,0.94,1.3891,10.0
25电网MTN037,101.83,1.865,1.0,1.865,10.0
26建设银行CD293,99.28,1.46,0.01,1.46,10.0
26苏州银行CD090,99.88,1.3934,,1.3934,10.0
26建设银行CD150,98.92,1.4625,0.24,1.4625,10.0
26渤海银行CD107,99.28,1.4396,0.47,1.4358,10.0
26南京银行CD165,99.25,1.5499,1.0,1.5499,10.0
26工行二级资本债04BC,100.21,1.8558,0.26,1.8556,9.7
25进出清发02,99.93,1.3424,-0.01,1.3421,9.7
26国开01,100.09,1.315,-0.49,1.3154,9.6
26附息国债11,100.03,1.2484,-0.16,1.25,9.55
23湖南债131,103.24,1.2788,4.38,1.2788,9.5
26中国银行CD049,98.54,1.484,1.0,1.4845,9.5
26南京银行CD173,98.52,1.5,4.0,1.5,9.5
26农发11,100.03,1.333,0.29,1.3309,9.4
26农发清发11,100.01,1.4075,1.0,1.4075,9.3
25进出13,99.93,1.4375,1.0,1.437,9.3
26中行TLAC非资本债02A(BC),100.02,1.6843,-0.14,1.6855,9.2
25湖南债34,101.06,1.408,-0.25,1.409,9.2
26上海银行CD114,98.53,1.495,,1.4905,9.0
26恒丰银行CD183,98.48,1.5501,-4.99,1.5501,9.0
26交通银行CD164,98.91,1.4775,0.26,1.477,9.0
26交通银行CD157,99.27,1.4601,0.22,1.4601,9.0
26宁波银行CD083,99.24,1.3992,1.21,1.3938,9.0
26宁波银行CD084,99.24,1.3886,-0.2,1.3886,9.0
26湖北债73,100.0,2.22,1.0,2.2733,8.9
24建行二级资本债02A,101.57,1.9902,0.14,1.9892,8.8
26工行二级资本债03BC,100.55,1.8874,-0.02,1.8874,8.7
26国开清发05,99.24,1.795,0.25,1.7941,8.6
20农发10,109.01,1.5191,0.16,1.5211,8.5
25平安银行科创债01BC,100.6,1.58,1.0,1.5801,8.4
20附息国债12,131.11,2.145,1.0,2.1413,8.3509
24进出13,100.31,1.351,-0.15,1.3525,8.3
24附息国债23,103.71,1.556,0.35,1.553,8.1
26中行永续债03BC,100.0,1.8575,-2.75,1.8575,8.1
26华能SCP011,99.97,1.4798,14.98,1.4798,8.1
26贴现国债51,99.4,1.21,-1.01,1.2109,8.0
26交通银行CD068,98.88,1.44,-0.02,1.4393,8.0
26建设银行CD264,98.53,1.486,0.21,1.4853,8.0
26交通银行CD114,98.91,1.4625,0.51,1.4637,8.0
26广东债29,100.31,1.601,0.25,1.6034,8.0
26工商银行CD048,98.54,1.4724,-0.26,1.4737,8.0
20浙江债38,107.34,1.38,,1.38,8.0
26中信银行CD166,99.64,1.3894,1.0,1.3894,8.0
26建设银行CD137,98.93,1.4624,1.0,1.4613,8.0
26兴业银行CD114,99.64,1.3828,0.25,1.3815,8.0
26工商银行CD054,98.55,1.4775,-0.1,1.4775,8.0
26江苏银行CD072,98.92,1.465,1.0,1.465,8.0
26广发银行CD094,98.91,1.4774,0.24,1.4773,8.0
22农发07,101.08,1.34,0.25,1.3377,7.9
19附息国债10,131.28,2.125,0.76,2.1177,7.8432
22国开03,100.6,1.2875,0.25,1.2841,7.7
25国开清发04,100.09,1.5825,0.55,1.575,7.7
25超长特别国债04,97.62,2.0735,0.35,2.0686,7.6
24附息国债13,103.43,1.3712,0.27,1.3685,7.55
26山东债86,100.0,1.76,0.1,1.7596,7.5
24安徽债77,102.79,1.6365,1.4,1.6369,7.5
26建行二级资本债02BC,100.21,1.8563,0.34,1.8554,7.5
25农发25,100.64,1.519,-0.1,1.5203,7.5
25超长特别国债03,97.75,2.175,-0.5,2.1778,7.4
26江苏债33,101.51,2.28,0.75,2.2785,7.3
26中行TLAC非资本债02B(BC),100.01,1.7875,0.17,1.7859,7.3
26交行二级资本债02BC,100.26,1.8606,1.0,1.8605,7.3
22附息国债15,134.89,2.19,1.99,2.1897,7.2
26交行TLAC非资本债01BC,100.22,1.6876,1.0,1.6875,7.2
22附息国债08,122.99,2.1475,1.75,2.14,7.111
25附息国债11,100.67,1.5875,0.25,1.5825,7.108
26广东债40,99.92,2.235,1.0,2.2375,7.1
26工商银行CD142,98.53,1.485,0.1,1.4841,7.0
25交通银行CD291,98.8,1.3735,-0.15,1.3735,7.0
26伊利实业SCP014,99.99,1.4606,1.1,1.4618,7.0
26广发银行CD097,98.91,1.4801,,1.4743,7.0
20四川债92,131.36,2.15,1.0,2.15,7.0
26建设银行CD157,99.27,1.4399,1.0,1.4399,7.0
26交通银行CD133,98.91,1.46,-0.5,1.4628,7.0
26建设银行CD101,99.29,1.4398,1.0,1.4398,7.0
19国开15,105.81,1.4675,1.0,1.4675,6.9
22附息国债17,107.19,1.42,1.0,1.4215,6.825
25农发05,99.72,1.4875,0.25,1.4855,6.8
26泉州银行小微债01,100.0,1.63,,1.6341,6.8
26河南债62,99.73,1.611,-0.4,1.611,6.6
25农发23,100.33,1.4329,-0.21,1.4349,6.6
26农发05,99.94,1.5525,0.24,1.5502,6.5
24南京银行01,100.37,1.7,28.0,1.6823,6.5
25湖北债14,100.11,1.8605,1.0,1.8605,6.5
26中行永续债02BC,100.25,,,,6.4
24工行永续债01,101.89,1.6625,-1.25,1.6625,6.4
26农发清发05,100.15,1.5675,1.0,1.5689,6.2
26江铜股份MTN004B(并购),100.0,2.32,,2.32,6.2
26浙江债44,102.37,2.28,1.0,2.2789,6.1
25汇金MTN007,100.23,1.535,0.5,1.5334,6.1
26鄂交投MTN001,100.0,1.71,,1.71,6.1
19国开05,104.59,1.45,-1.0,1.4514,6.04
21国开15,107.59,1.5325,1.0,1.5322,6.0
26农业银行CD116,98.91,1.4699,0.49,1.4691,6.0
26中信百信银行CD018,98.49,1.5349,,1.5349,6.0
26北京银行CD057,99.28,1.4447,-0.07,1.4456,6.0
24进出15,101.16,1.48,1.0,1.4799,6.0
25光大银行CD204,98.36,1.3699,0.53,1.3801,6.0
26东莞银行CD034,99.24,1.3883,,1.3883,6.0
25光大银行CD237,98.42,1.44,0.22,1.44,6.0
26光大银行CD054,98.55,1.4775,1.0,1.4775,6.0
26工商银行CD087,98.55,1.4726,-0.24,1.4738,6.0
25光大银行CD252,98.42,1.4374,-0.24,1.4383,6.0
26工商银行CD047,98.54,1.4724,-0.26,1.4724,6.0
26建设银行CD098,99.29,1.4377,0.29,1.4377,6.0
26湖南银行CD044,99.28,1.4498,-0.52,1.4498,6.0
26苏州银行CD022,99.24,1.3904,,1.3904,6.0
26中国银行CD057,98.91,1.478,0.06,1.478,6.0
26上海债08,100.59,1.485,1.0,1.4842,6.0
26渤海银行CD269,99.64,1.4397,-1.0,1.4397,6.0
26建设银行CD142,98.93,1.4626,-0.04,1.4626,6.0
26工商银行CD009,98.45,1.45,-0.49,1.45,6.0
26广发银行CD060,98.52,1.4915,1.71,1.478,6.0
23四川18,116.66,2.0425,1.25,2.0425,5.8
26中行二级资本债01BC,100.67,1.8925,-0.07,1.8923,5.8
23中行二级资本债02B,109.62,2.4377,0.08,2.4398,5.8
24进出11,103.38,1.71,0.25,1.7062,5.7
26云南债26,100.16,1.7721,,1.7721,5.6
26渤海银行债01,99.99,1.605,0.25,1.6027,5.5
26甘肃60,99.73,2.2825,0.7,2.2804,5.5
26长沙银行CD152,99.64,1.4451,,1.4451,5.5
16国开05,117.55,1.7525,1.0,1.7525,5.5
23农发02,108.85,1.6425,0.1,1.6382,5.45
26广东债41,100.05,2.2775,0.51,2.2762,5.4
26广东债43,100.05,2.2775,1.0,2.2757,5.4
25建行二级资本债02A(BC),100.8,1.8416,0.11,1.8415,5.4
26中兴通讯SCP027,99.99,1.4703,1.0,1.4703,5.4
24国开02,100.33,1.2699,-0.03,1.27,5.4
24兴业银行二级资本债02,101.88,2.0572,-0.4,2.0572,5.4
24附息国债01,102.63,1.22,1.0,1.2201,5.4
25广东债05,101.89,1.8296,0.36,1.8264,5.3
26交行二级资本债01BC,100.65,1.8944,0.13,1.893,5.3
26成都农商行二级资本债01,100.01,1.8984,1.0,1.899,5.3
26农业银行CD069,99.28,1.4426,1.51,1.4405,5.3
18附息国债24,134.98,2.095,-0.5,2.0955,5.2
26吉林债07,105.3,2.2825,0.45,2.2803,5.2
26农行永续债01BC,100.1,,,,5.1
26河北债30,101.66,2.245,1.0,2.245,5.1
24新疆债64,103.26,1.645,3.73,1.645,5.0
24附息国债20,101.37,1.283,0.25,1.282,5.0
26重庆发展MTN003,99.54,1.79,1.0,1.7898,5.0
26江苏银行CD144,98.53,1.495,0.5,1.4925,5.0
26广发银行CD050,98.89,1.4399,0.25,1.4399,5.0
25新疆债61,101.39,2.25,,2.25,5.0
26伊利实业SCP012,99.99,1.4606,1.1,1.4606,5.0
26甘肃57,99.71,2.2835,0.8,2.2809,5.0
26建设银行CD254,98.54,1.485,-0.1,1.485,5.0
26广州银行CD150,98.9,1.4849,,1.4849,5.0
26中信银行CD160,99.64,1.388,0.31,1.388,5.0
26中原银行CD169,98.51,1.51,1.0,1.5041,5.0
26光大银行CD038,98.52,1.4625,-93.67,1.6495,5.0
26建设银行CD143,98.92,1.464,0.39,1.4624,5.0
26华夏银行CD248,98.53,1.487,0.2,1.487,5.0
26成都银行CD093,98.54,1.4875,0.11,1.4875,5.0
25珠海华润银行CD072,98.77,1.396,1.66,1.396,5.0
24进出05,102.09,1.455,1.0,1.455,5.0
24附息国债25,100.48,1.395,0.5,1.3931,5.0
20江苏债16,117.3,1.6125,0.25,1.6125,5.0
26苏交通CP006,99.88,1.515,,1.4339,5.0
26宁波银行CD102,99.28,1.4404,-0.65,1.4443,5.0
26交通银行CD104,98.55,1.4775,-0.14,1.4781,5.0
26北京银行CD024,98.5,1.4651,-0.48,1.4669,5.0
26杭州银行CD067,99.28,1.4399,,1.4399,5.0
26中原银行CD170,98.9,1.49,,1.49,5.0
26农发清发02,99.8,1.46,0.25,1.4595,4.9
23安徽债91,113.12,2.0681,0.31,2.0654,4.9
19国开10,105.75,1.4525,-0.25,1.4539,4.9
26惠臻ABN010优先A,100.0,,,,4.73
26浙江债43,101.19,2.235,0.75,2.235,4.6
26四川债58,100.11,2.275,-0.16,2.2774,4.6
25农业银行三农债01,100.34,1.488,0.3,1.4881,4.6
17农发05,100.79,1.2749,-0.01,1.275,4.5
26江苏24,99.98,1.6025,0.37,1.6008,4.5
25中信银行CD342,98.37,1.4504,1.05,1.4364,4.5
25南电CP007,100.0,1.4176,1.0,1.4156,4.5
26长沙水业MTN003,100.0,,,,4.4
23附息国债14,104.85,1.295,1.0,1.2966,4.3
23中行永续债01,102.97,,,,4.3
23甘肃债06,116.34,2.059,0.9,2.0529,4.2
25国开清发07,100.63,1.465,0.85,1.465,4.2
24安徽债76,102.03,1.4645,0.54,1.4595,4.2
24国开清发02,100.39,1.3149,1.0,1.3176,4.2
19农发01,105.31,1.4525,0.17,1.4525,4.2
26河南债63,99.73,1.611,0.1,1.611,4.1
26甘肃63,99.73,2.2825,0.88,2.2825,4.1
26铁道16,100.22,2.28,-0.3,2.2836,4.1
24农发05,101.92,1.4525,1.0,1.4525,4.1
26中兵投资SCP002,100.0,1.5299,,1.5299,4.06
23附息国债26,108.17,1.469,1.0,1.4684,4.01
21浙江47,109.16,1.375,1.0,1.3749,4.0
21浙江债10,108.84,1.385,2.5,1.3844,4.0
24特别国债06,100.61,2.161,1.1,2.1528,4.0
23重庆02,115.23,1.73,-0.5,1.73,4.0
26工商银行CD114,99.28,1.4399,1.0,1.4399,4.0
26大唐集SCP014,100.0,1.4598,1.8,1.4553,4.0
26工商银行CD049,98.54,1.4724,-0.27,1.4724,4.0
26工商银行CD051,98.54,1.4724,-0.21,1.4724,4.0
26农业银行CD077,98.55,1.4726,-0.74,1.4726,4.0
26农业银行CD186,98.53,1.4849,-0.52,1.4849,4.0
26农业银行CD161,98.54,1.4777,-0.73,1.4777,4.0
26秦农农商银行CD043,98.43,1.4952,0.3,1.4927,4.0
26桂林银行永续债01,100.24,,,,4.0
26南京银行CD166,98.52,1.5,-10.0,1.5,4.0
26中国银行CD032,98.91,1.4601,-0.49,1.4601,4.0
26立讯精工SCP005,99.93,1.55,0.01,1.55,4.0
26中信银行CD149,98.93,1.4601,-0.25,1.4601,4.0
26工商银行CD063,98.55,1.4725,-0.75,1.4725,4.0
26建设银行CD247,98.54,1.4823,-0.27,1.4843,4.0
25农业银行CD310,98.35,1.3878,0.87,1.3878,4.0
26中信银行CD171,99.64,1.3853,-0.37,1.3825,4.0
21湖南债106,120.64,1.9625,,1.9594,4.0
26建设银行CD235,98.53,1.485,0.1,1.485,4.0
25建设银行CD387,98.34,1.3805,1.15,1.3876,4.0
26农业银行CD076,99.29,1.4404,0.06,1.4404,4.0
26浙商银行CD037,98.5,1.4651,-0.24,1.4651,4.0
26浦发银行CD059,98.49,1.4599,-0.26,1.4599,4.0
26民生银行CD042,98.48,1.4676,0.26,1.4676,4.0
26工商银行CD045,98.54,1.4725,-0.25,1.475,4.0
26湖北银行CD018,99.25,1.3946,2.39,1.3946,4.0
26华夏银行CD234,98.91,1.4776,0.26,1.4788,4.0
25广东债66,103.63,2.0035,-0.5,2.0048,4.0
26中信银行CD152,98.92,1.4599,-0.27,1.4599,4.0
26青岛银行CD054,98.52,1.5001,0.02,1.5001,4.0
26南京银行CD125,98.54,1.4851,,1.4851,4.0
26工商银行CD123,98.54,1.478,0.49,1.478,4.0
22广东债38,116.97,1.9631,-0.71,1.9633,4.0
26北京银行CD049,99.28,1.4478,1.0,1.4478,4.0
26建设银行CD218,98.53,1.486,0.2,1.485,4.0
26建设银行CD279,98.54,1.485,-53.77,1.7533,4.0
25交通银行CD284,98.77,1.3792,-1.9,1.3792,4.0
26光大银行CD012,98.47,1.4614,0.15,1.4614,4.0
26中信银行CD127,98.55,1.4776,0.26,1.4776,4.0
24湖南债58,102.71,1.4575,-0.09,1.4574,4.0
26江苏银行CD137,98.9,1.485,0.49,1.485,4.0
26工商银行CD061,98.55,1.4801,0.27,1.4801,4.0
26建设银行CD079,98.54,1.4774,1.25,1.4774,4.0
26湖北银行CD022,99.27,1.4445,,1.4445,4.0
25光大银行CD258,98.42,1.4398,-0.01,1.4372,4.0
26建设银行CD223,99.64,1.4551,1.99,1.4477,4.0
26光大银行CD077,98.54,1.485,-0.1,1.485,4.0
26华夏银行CD242,99.64,1.4398,,1.4399,4.0
26南京银行CD248,99.28,1.465,-0.01,1.465,4.0
26兴业银行CD085,98.55,1.4775,-0.1,1.4775,4.0
25工商银行CD260,98.36,1.3791,1.04,1.3791,4.0
25交通银行CD265,98.43,1.4352,0.01,1.4352,4.0
26工商银行CD149,98.54,1.481,1.0,1.483,4.0
26附息国债06,100.05,1.2519,0.49,1.2498,3.9299
25国开02,100.14,1.3175,0.24,1.3166,3.9
24江苏银行永续债01,102.18,,,,3.9
21福建13,124.43,1.92,0.5,1.9167,3.9
26江苏债20,101.82,2.235,1.0,2.2329,3.9
26江苏27,102.42,2.2775,0.4,2.2766,3.9
24农发20,104.33,1.7025,1.0,1.7026,3.9
24附息国债14,101.8,1.26,0.75,1.2553,3.804
24进出10,105.21,1.7,0.25,1.6954,3.8
26海峡股份MTN001(并购),99.6,1.835,-1.5,1.835,3.8
24兴业银行二级资本债01,102.28,2.1737,-0.09,2.1742,3.8
26国新控股MTN003(稳增长扩投资专项债),100.45,2.0484,0.38,2.0473,3.8
23海南36,103.14,1.27,0.25,1.27,3.8
26澄瑞ABN007优先,99.95,,,,3.76
26附息国债09,99.94,1.1525,-0.25,1.1525,3.7
24农发03,100.4,1.29,1.0,1.2901,3.7
25电网MTN019,101.09,1.98,1.0,1.9796,3.7
26工行二级资本债05BC,99.88,1.8235,0.1,1.8242,3.7
21附息国债14,126.6,2.1525,0.95,2.1419,3.6902
26豫交投MTN004,99.84,,,,3.6
22中国银行二级01,100.63,3.1175,0.1,3.1189,3.6
26华电SCP002,100.0,1.4464,-1.58,1.4518,3.6
22山东债50,123.94,2.155,,2.155,3.6
23国开10,107.39,1.6425,0.75,1.637,3.53
26郑州银行二级资本债01,100.19,1.9487,-0.52,1.9498,3.5
25江苏31,101.07,1.473,0.04,1.4724,3.5
24建行债01A,100.41,1.4349,-1.51,1.4349,3.5
26广东债42,100.11,2.275,0.5,2.277,3.5
25浦发银行CD283,98.39,1.4353,-0.13,1.4367,3.5
25农发清发32,100.31,1.4125,-0.25,1.4146,3.5
22浙江债39,117.44,1.9703,1.0,1.9703,3.4
22附息国债02,100.46,1.03,-1.0,1.03,3.4
26深圳国控MTN002,99.62,1.67,1.0,1.67,3.4
23华夏银行债04,100.16,1.3797,-0.06,1.3706,3.4
21国开05,109.07,1.538,0.55,1.5353,3.3
25农发09,100.42,1.44,1.0,1.44,3.3
21建设银行二级03,100.33,3.5263,1.0,3.5262,3.3
25注资特别国债02,100.74,1.4325,0.5,1.4322,3.3
24光大银行债02,100.55,1.4725,-0.25,1.4741,3.3
17农发15,102.99,1.339,-0.1,1.34,3.3
26江西债33,100.77,2.2202,-0.14,2.2235,3.3
26湖北债74,99.8,2.2825,0.75,2.2803,3.3
23附息国债04,109.01,1.4125,0.5,1.4122,3.2035
21国开10,108.45,1.5425,0.25,1.5416,3.2
26重庆债49,100.0,1.7603,0.03,1.7604,3.2
25超长特别国债01,98.61,2.07,0.2,2.0671,3.2
19交通银行二级02,108.08,3.3144,-0.05,3.3152,3.2
25中行永续债01BC,100.86,,,,3.2
26河北38,103.12,2.275,0.5,2.2781,3.2
25农行二级资本债02B(BC),101.04,2.0326,0.34,2.0323,3.2
25浙江69,101.4,1.7435,1.0,1.7435,3.2
23华夏银行债05,100.29,1.3702,0.03,1.3702,3.2
22建行永续债01,101.62,,,,3.2
23浙江债72,108.11,1.53,,1.53,3.1
24江苏债27,104.13,1.813,0.85,1.809,3.1
25江苏债45,100.98,1.7444,0.09,1.7445,3.1
24进出清发17,102.34,1.565,0.5,1.5627,3.1
24农发13,100.4,1.3229,-0.01,1.323,3.1
26湖北37,100.28,1.476,0.1,1.476,3.1
25附息国债23,100.33,1.245,0.25,1.245,3.1
24附息国债06,103.98,1.365,0.5,1.3615,3.033
24江苏债35,100.33,1.22,-1.0,1.22,3.0
24四川债64,103.87,1.6342,1.52,1.6345,3.0
26浦发银行CD159,98.54,1.48,-0.5,1.48,3.0
22重庆债02,114.16,1.69,-1.1,1.6933,3.0
24辽宁债02,104.65,1.441,2.1,1.4407,3.0
26农业银行CD064,98.53,1.4826,0.26,1.4835,3.0
25贵州债37,102.07,2.2825,0.45,2.2833,3.0
26重庆农村商行CD144,98.9,1.4849,,1.4849,3.0
26工行永续债03BC,100.18,,,,3.0
26中国银行CD036,99.27,1.4575,0.75,1.4558,3.0
23中财再保险资本补充债01,102.93,3.6727,0.84,3.6724,3.0
26安吉城运MTN001,100.22,1.9039,-0.61,1.9039,3.0
25江苏银行债04BC,100.66,1.56,0.5,1.5588,3.0
26中交投SCP003,99.97,1.5001,1.03,1.5001,3.0
26民生银行CD207,99.64,1.44,-1.63,1.44,3.0
23浙商银行二级资本债01,103.18,2.9387,1.0,2.9392,3.0
26附息国债01,100.02,1.165,0.04,1.165,3.0
21国开20,119.86,1.9622,0.42,1.9637,3.0
26农业银行CD085,99.29,1.4423,0.21,1.4423,3.0
26兴业银行CD162,99.64,1.4501,,1.4386,3.0
25农业银行CD389,98.41,1.4424,-0.01,1.4424,3.0
26广发银行CD049,98.52,1.4649,-95.01,1.781,3.0
26济南城建SCP003,99.98,1.52,1.0,1.52,3.0
26中国银行CD030,98.54,1.4775,1.0,1.4762,3.0
26建设银行CD227,99.27,1.46,0.5,1.46,3.0
26中信银行CD167,99.28,1.4399,0.51,1.4399,3.0
26保利置业MTN001,101.21,2.15,,2.15,3.0
25秦农农商银行二级资本债01,101.01,2.377,1.42,2.3777,3.0
26中国建设MTN001,99.91,1.8689,-4.11,1.8696,3.0
25上海农商银行CD093,98.76,1.3898,1.46,1.3898,3.0
26河南债59,99.94,1.7665,-0.45,1.7663,3.0
26北京银行CD103,99.27,1.4651,-0.49,1.4651,3.0
26兴业银行CD039,98.51,1.4625,-0.15,1.4625,3.0
25光大银行CD222,98.37,1.4373,0.26,1.4382,3.0
26江苏银行CD143,98.53,1.4925,1.0,1.4925,3.0
26兴业银行CD071,98.55,1.4801,1.0,1.4801,3.0
26民生银行二级资本债01,101.18,1.9936,-0.25,1.9946,3.0
26重庆三峡银行CD049,98.88,1.5199,,1.5199,3.0
26江西银行CD027,99.27,1.4399,-0.03,1.4399,3.0
26建设银行CD161,99.28,1.4399,0.5,1.4399,3.0
26安徽76,101.12,2.0425,-0.55,2.0447,3.0
26桂林银行CD137,98.88,1.5199,,1.5199,3.0
26工商银行CD106,98.54,1.478,0.05,1.478,3.0
26交通银行CD106,98.92,1.4651,0.11,1.4647,3.0
26广发银行CD047,98.89,1.4399,0.48,1.4366,3.0
26民生银行CD124,98.53,1.485,,1.4861,3.0
26北京银行CD055,99.28,1.4473,1.0,1.4473,3.0
26河南资本MTN001(科创债),99.57,1.75,15.0,1.7367,3.0
26长沙银行CD144,99.88,1.3884,-0.1,1.3884,3.0
26兴业银行CD118,99.28,1.4402,0.53,1.4402,3.0
26内蒙古债02,103.71,2.2536,-1.04,2.2536,3.0
25山东债73,101.23,1.651,0.2,1.6505,3.0
24华夏银行债01,100.49,1.4501,1.0,1.4501,3.0
25杭州银行CD236,98.76,1.3898,2.12,1.3898,3.0
26鲁信MTN004,100.0,1.8889,1.89,1.8811,3.0
24国开16,101.53,1.755,0.89,1.7567,3.0
25交行TLAC非资本债02B(BC),100.16,1.6009,-0.32,1.6009,3.0
26浙江民泰商行CD037,98.46,1.5707,0.23,1.5691,3.0
26长沙银行CD058,99.28,1.4456,0.59,1.4456,3.0
26天津银行CD136,99.64,1.4497,2.0,1.4497,3.0
26广发银行CD074,98.89,1.4938,1.89,1.4774,3.0
26广发银行CD065,98.55,1.4737,-1.22,1.4863,3.0
22中行二级资本债02A,101.66,2.7205,0.2,2.7201,2.9
25诚通控股MTN001(稳增长扩投资专项债),100.35,2.045,1.0,2.0472,2.9
26深燃气SCP002,99.92,1.5099,-0.01,1.5099,2.9
26江苏37,99.57,1.4908,-0.02,1.4907,2.8
26电网MTN010,100.19,2.0375,0.84,2.0373,2.8
22附息国债27,104.97,1.2213,0.38,1.2213,2.8
26陕西债43,100.16,2.24,1.0,2.2433,2.8
21兴业银行二级02,100.43,3.5262,0.13,3.5262,2.8
26河南债12,104.32,2.2775,0.62,2.2777,2.8
26贵州债13,102.8,2.28,0.6,2.2825,2.8
26金茂投资MTN002,99.59,2.2889,0.19,2.2895,2.8
24福建债06,108.3,2.09,2.0,2.089,2.8
26华银电力MTN004,99.89,1.66,-2.0,1.6611,2.8
25国科产投PPN001(可持续挂钩),100.43,1.6162,-1.91,1.6193,2.8
23中行二级资本债04B,109.8,2.4332,0.69,2.4331,2.8
26江西交投SCP009,99.94,1.53,-0.01,1.53,2.8
25附息国债22,101.0,1.662,0.35,1.6594,2.74
21中国银行二级03,100.37,3.5179,0.16,3.5181,2.7
22国开15,107.54,1.598,0.55,1.5917,2.7
26国能资本SCP002,99.99,1.5004,0.04,1.5004,2.7
25曲文控MTN001,104.23,2.75,,2.7492,2.7
23光大银行债02,100.03,1.6991,4.25,1.697,2.7
26上海机场SCP010,99.98,1.4801,-1.0,1.4801,2.7
20中国信达债01BC,107.22,1.74,-2.0,1.7396,2.7
26河北高速MTN005,99.94,1.67,1.0,1.67,2.7
26附息国债03,100.59,1.3999,0.99,1.3993,2.65
25平安银行永续债01BC,101.79,,,,2.6
24农行二级资本债02B,103.94,2.1303,0.07,2.1307,2.6
25农发15,100.3,1.505,-0.25,1.5058,2.6
26江苏16,102.76,2.235,1.0,2.2349,2.6
26中建MTN003,99.97,,,,2.6
26宏河控股PPN001(并购),100.0,2.95,,2.95,2.6
26鄂联投MTN001,100.0,1.8,,1.8,2.6
26电网MTN024,99.6,2.035,0.5,2.0347,2.6
21兴业银行二级01,100.27,3.7687,0.11,3.7692,2.6
26恒丰银行绿债01B,100.0,1.6,1.0,1.6,2.6
26鑫泰PPN004,100.0,1.9182,-0.15,1.9039,2.6
26进出03,100.16,1.475,0.25,1.475,2.6
23安徽债81,105.07,1.375,-0.33,1.375,2.6
23附息国债19,104.99,1.315,1.0,1.3156,2.577
25中铁置业MTN001,100.16,1.71,,1.71,2.55
23重庆债59,103.22,1.2802,3.08,1.2802,2.5
22国开20,106.67,1.615,1.0,1.6148,2.5
24中信银行债01,100.51,1.471,1.0,1.4707,2.5
26中国银行CD053,98.53,1.485,0.11,1.4851,2.5
22兴业银行二级01,100.64,3.3144,0.37,3.3122,2.5
18湖南债21,126.84,1.735,,1.737,2.5
26黑龙江05,104.38,2.285,1.0,2.2842,2.5
26山东债92,100.1,2.0525,1.0,2.0517,2.5
26安徽债62,102.07,2.24,-0.02,2.239,2.5
26工行二级资本债02BC,100.34,1.8607,-0.03,1.861,2.5
22工行二级资本债03A,101.41,2.7597,1.0,2.7597,2.5
22光大银行二级资本债01A,101.51,2.8206,0.01,2.821,2.5
26江苏银行CD064,98.53,1.485,1.01,1.4867,2.5
22云南债28,104.52,1.316,-0.11,1.316,2.5
24交行TLAC非资本债01(BC),100.71,1.7783,0.22,1.7776,2.4
25农行TLAC非资本债02C(BC),101.49,1.982,-0.07,1.9824,2.4
24农发15,101.22,1.4575,1.0,1.4584,2.4
24工行二级资本债01A(BC),101.73,2.0122,-0.05,2.0119,2.4
24上海银行债01,100.5,1.47,1.0,1.4705,2.4
23兰山城投债01,80.1,1.95,-32.93,1.95,2.4
23国开05,108.51,1.625,0.25,1.625,2.4
23邮储永续债01,103.75,,,,2.4
22工商银行二级01,100.63,3.1484,0.13,3.1487,2.4
26广州银行CD100,99.64,1.3891,-1.16,1.3849,2.4
26台州金融SCP001,99.9,1.5551,15.55,1.5569,2.4
25中财再保险资本补充债01,101.31,2.553,,2.5532,2.4
26京能洁能SCP004,99.94,1.4999,-0.01,1.4999,2.4
25农发13,100.26,1.4225,0.25,1.4227,2.4
24中行二级资本债01B,106.4,2.2519,-0.14,2.2523,2.4
26鲲鹏投资SCP003(并购),99.96,1.5051,-1.49,1.5051,2.4
24江苏债37,103.89,1.6025,-0.09,1.6016,2.4
26重庆债20,101.96,1.7666,-0.16,1.7667,2.4
24进出03,100.4,1.3101,-0.24,1.3132,2.39
22附息国债16,101.23,1.0568,-0.32,1.0567,2.3
23建行二级资本债02A,103.89,2.8387,0.23,2.8391,2.3
26广东债37,101.43,2.24,1.5,2.2354,2.3
24建行二级资本债01B,106.18,2.2425,0.01,2.2423,2.3
22国新控股MTN005(能源保供特别债),101.49,1.52,-2.0,1.5243,2.3
26三峡文旅SCP003,100.0,1.6499,,1.6499,2.3
26诚通控股MTN003A(科创债),100.18,2.07,-0.25,2.07,2.3
25汇金MTN008,100.28,1.54,1.0,1.54,2.3
22附息国债06,104.07,1.1575,-0.05,1.1575,2.3
20进出07,100.87,1.286,0.1,1.286,2.3
23国开清发20,114.31,2.0195,0.23,2.0234,2.29
22农发02,100.63,1.2849,0.49,1.2826,2.2
25农业银行科创债,100.25,1.493,1.34,1.4858,2.2
24交行二级资本债02A,101.5,1.972,0.19,1.9707,2.2
23农发03,102.17,1.4125,-0.45,1.4118,2.2
24浦发银行债01,100.42,1.44,-0.25,1.4399,2.2
23洛阳国晟债01,100.53,1.8177,,1.819,2.2
25附息国债09,100.54,1.5825,0.25,1.5809,2.2
24邮储永续债01,102.7,,,,2.2
26湖北债58,101.47,2.2255,0.55,2.2243,2.2
26沈阳地铁MTN004,100.0,,,,2.16
26平湖国发MTN002,100.0,1.8499,0.51,1.848,2.14
26广州地铁SCP006,99.91,1.5199,,1.5199,2.1
26浙江53,101.27,2.2402,1.27,2.2374,2.1
26邮储银行二级资本债01BC,100.43,1.8715,0.13,1.8716,2.1
26厦国贸SCP014,100.01,1.5301,1.0,1.5296,2.1
22广东债28,117.69,1.963,0.48,1.9629,2.1
23建行永续债01,103.13,,,,2.1
26贴现国开09,99.28,1.0003,-9.92,0.9856,2.1
26中银投资MTN001A(BC),100.25,1.68,1.0,1.68,2.1
26华能新能SCP010,99.99,1.4802,0.53,1.4802,2.1
26华能SCP010,99.98,1.4748,1.97,1.4748,2.1
26吉林高速MTN005,100.08,1.742,,1.742,2.0
26福建债09,100.31,1.49,-0.25,1.49,2.0
24河北债54,104.48,1.5909,,1.592,2.0
26贴现国债55,99.4,1.2175,1.0,1.2175,2.0
25汇金MTN003,100.62,1.675,-0.5,1.675,2.0
26辽宁债27,100.45,1.77,,1.77,2.0
26农业银行CD104,99.29,1.445,0.24,1.445,2.0
26晋能煤业MTN016,99.91,2.0,1.0,2.0,2.0
26大唐集SCP005,100.0,1.4414,2.22,1.4559,2.0
24农发清发09,100.39,1.305,,1.305,2.0
26进出04,99.92,1.395,0.5,1.3946,2.0
21北京银行永续债01,100.3,,,,2.0
26知识城SCP002,99.98,1.52,0.51,1.52,2.0
24南京银行二级资本债02,101.67,2.0205,-0.05,2.0209,2.0
26安徽债14,103.41,2.28,0.9,2.28,2.0
25农业银行CD314,98.35,1.3897,2.0,1.3897,2.0
26电投水电CP001(并购),99.9,1.55,-1.0,1.55,2.0
26光大银行CD006,98.45,1.4499,-0.02,1.4499,2.0
22浙江债64,108.83,1.4933,2.83,1.4933,2.0
26中国银行CD033,98.54,1.4744,-0.06,1.476,2.0
26中国银行CD016,98.92,1.4639,0.63,1.4639,2.0
26江苏江南农村商业银行CD045,98.51,1.5075,0.76,1.5063,2.0
25云南交投MTN009,100.85,1.7578,-3.22,1.7578,2.0
26兴业银行二级资本债02,100.19,1.8584,-0.12,1.8596,2.0
26广东华润银行CD057,98.52,1.5,-0.01,1.5,2.0
26乐山商行CD059,98.83,1.58,,1.58,2.0
24汇金MTN008,100.64,1.53,0.5,1.53,2.0
26民生银行CD029,98.47,1.4675,0.75,1.4675,2.0
26中信银行CD256,99.64,1.4399,,1.4399,2.0
26工商银行CD065,98.55,1.4775,0.71,1.4775,2.0
25河南债78,102.51,1.7508,-0.09,1.7508,2.0
26农业银行CD180,98.53,1.4849,-0.26,1.4849,2.0
26北京银行CD007,98.8,1.44,-0.48,1.44,2.0
26富滇银行CD190,99.63,1.4802,1.0,1.4802,2.0
26农业银行CD184,98.9,1.485,0.75,1.485,2.0
26江苏银行CD017,98.8,1.4422,0.72,1.4422,2.0
25中航集MTN001,100.68,1.615,-0.75,1.615,2.0
26建设银行CD026,98.84,1.4401,0.4,1.4401,2.0
26浦发银行CD076,98.51,1.4625,1.0,1.4625,2.0
26光大银行CD039,98.52,1.4651,0.25,1.4651,2.0
26奔驰财务MTN001A(BC),100.0,1.749,-2.38,1.749,2.0
26恒丰银行CD248,99.64,1.4499,1.99,1.4499,2.0
26天山材料MTN003(科创债),100.32,1.82,1.0,1.82,2.0
25徽商银行01,100.45,1.5125,1.0,1.5125,2.0
26中行二级资本债02BC,100.46,1.8774,-0.02,1.8772,2.0
26内蒙古债03,104.7,2.28,0.25,2.28,2.0
26农业银行CD048,99.27,1.37,1.04,1.37,2.0
26交通银行CD071,98.89,1.4401,1.01,1.4401,2.0
26中建八局SCP018,100.0,1.4903,1.0,1.4903,2.0
26天津银行CD046,99.24,1.4003,1.04,1.4003,2.0
23广东债32,113.82,2.0203,1.23,2.0203,2.0
24特别国债02,106.93,2.0225,0.1,2.0223,2.0
26京基投SCP002,99.98,1.4801,,1.4801,2.0
26北京农商银行CD035,98.54,1.4851,,1.4851,2.0
26建设银行CD266,99.27,1.4599,1.0,1.4599,2.0
26中国银行CD063,98.54,1.484,-0.1,1.484,2.0
25农发10,99.4,1.738,0.1,1.7365,2.0
26东莞银行CD054,99.27,1.4451,0.97,1.4475,2.0
26宁波银行CD119,99.28,1.4447,0.96,1.4475,2.0
26江苏银行CD014,98.79,1.445,0.53,1.4474,2.0
26渤海银行CD300,99.26,1.4726,-0.23,1.4703,2.0
26华夏银行CD149,99.64,1.3828,0.45,1.3828,2.0
26重庆农村商行CD025,99.28,1.4448,-0.01,1.4448,2.0
25如皋经贸MTN005,100.54,1.6611,-1.58,1.6743,2.0
26浦发银行CD061,98.49,1.4619,0.29,1.4619,2.0
26南京银行CD014,98.8,1.4403,0.06,1.4403,2.0
25中信银行CD302,98.35,1.3909,3.06,1.3909,2.0
26光大银行CD062,98.54,1.485,0.1,1.485,2.0
26民生银行CD047,98.48,1.4718,0.18,1.4718,2.0
26邮储银行CD045,99.64,1.435,0.48,1.435,2.0
25海尔智家MTN001(绿色两新),100.63,1.55,1.0,1.55,2.0
26农行二级资本债01A(BC),100.66,1.894,-0.13,1.8943,2.0
26鄞州银行CD027,99.26,1.5,-1.99,1.5,2.0
26徽商银行CD155,99.27,1.4651,-0.49,1.4651,2.0
21湖南债100,117.08,1.68,,1.678,2.0
26华友钴业SCP010,99.98,1.7734,0.34,1.7734,2.0
26交通银行CD117,98.91,1.4601,1.0,1.4601,2.0
26东莞银行CD008,98.42,1.4675,,1.4675,2.0
26农业银行CD030,98.5,1.4701,0.51,1.4701,2.0
26浦发银行CD085,98.53,1.4625,-0.25,1.4625,2.0
26中信银行CD132,98.91,1.4625,1.0,1.4613,2.0
26天津银行CD107,99.63,1.3967,2.54,1.3967,2.0
26天津银行CD135,99.64,1.4497,,1.4497,2.0
25江苏银行CD201,98.77,1.3785,0.74,1.3785,2.0
26平阳农商银行CD009,99.23,1.5699,,1.5699,2.0
26建设银行CD191,98.54,1.485,0.41,1.485,2.0
25交通银行CD246,98.42,1.4398,1.0,1.4398,2.0
26北京农商银行CD001,99.24,1.3675,0.69,1.3675,2.0
26东莞农村商业银行CD023,99.27,1.4403,0.03,1.4403,2.0
23浙江债20,108.86,1.5036,,1.5036,2.0
26南京银行CD170,98.53,1.4851,0.51,1.4851,2.0
26华夏银行CD050,98.5,1.4599,-0.02,1.4599,2.0
26农业银行CD133,98.54,1.485,0.5,1.485,2.0
25晋能电力MTN016,100.76,1.7065,0.65,1.7065,2.0
26华夏银行CD244,98.54,1.485,-0.25,1.485,2.0
25西安银行CD059,98.34,1.46,,1.46,2.0
26厦门国际银行CD082,98.89,1.495,0.01,1.495,2.0
25湖南债30,100.98,1.407,-0.3,1.4084,2.0
26华夏银行CD246,98.54,1.486,1.0,1.486,2.0
26建设银行CD275,98.54,1.485,1.0,1.485,2.0
26建设银行CD151,98.91,1.4625,1.0,1.4625,2.0
26江苏银行CD100,98.92,1.4674,-0.51,1.4674,2.0
23广东债14,108.99,1.5025,2.03,1.5025,2.0
26重庆农村商行CD080,98.54,1.485,1.0,1.485,2.0
25光大银行CD264,98.42,1.4379,0.22,1.4379,2.0
26光大银行CD007,98.47,1.4598,0.49,1.4598,2.0
26民生银行CD030,98.46,1.4714,0.4,1.4714,2.0
26交通银行CD083,98.55,1.4726,-0.24,1.4726,2.0
25交通银行CD256,98.42,1.44,1.0,1.44,2.0
26中交二航SCP004,99.97,1.51,0.01,1.51,2.0
25农业银行CD442,98.42,1.4401,-0.23,1.4401,2.0
26深圳地铁SCP004,100.03,1.4188,-1.11,1.4173,2.0
26民生银行CD108,99.29,1.4449,0.48,1.4449,2.0
26兴业银行CD125,99.64,1.4349,-0.27,1.436,2.0
25北京银行CD165,98.36,1.4423,-0.29,1.4423,2.0
26建设银行CD260,98.91,1.4774,-0.01,1.4774,2.0
26宁波银行CD100,99.28,1.4393,1.65,1.4393,2.0
26南京银行CD215,99.64,1.4453,,1.4453,2.0
26中信银行CD233,99.64,1.4402,0.5,1.4402,2.0
26光大银行CD047,98.55,1.48,0.01,1.48,2.0
26中信银行CD262,98.91,1.4699,,1.4699,2.0
26建设银行CD268,99.27,1.46,1.0,1.46,2.0
26华夏银行CD122,98.55,1.4775,0.24,1.4775,2.0
26重庆银行CD051,98.52,1.4999,,1.4999,2.0
26浙商银行CD018,98.82,1.4399,0.49,1.4399,2.0
26汉口银行CD074,98.51,1.514,1.0,1.5156,2.0
26民生银行CD118,98.53,1.485,0.5,1.485,2.0
25四川债33,100.98,1.49,0.25,1.4888,2.0
26交通银行CD113,98.92,1.4601,1.0,1.4601,2.0
26宁波银行CD244,99.27,1.465,,1.465,2.0
26中色MTN003,100.03,1.67,-1.0,1.67,2.0
25浦发银行CD258,98.38,1.4454,1.08,1.4454,2.0
26萧山农商银行CD038,99.64,1.4499,,1.4499,2.0
21广东债54,108.95,1.3636,0.25,1.3649,2.0
26东莞银行CD065,98.54,1.485,,1.485,2.0
26华夏银行CD227,98.9,1.48,0.49,1.48,2.0
26农业银行CD144,98.9,1.47,1.43,1.47,2.0
26天津港MTN004,100.0,1.76,1.0,1.765,2.0
25中国银行CD064,98.36,1.3807,0.47,1.3807,2.0
26广东债30,100.33,1.753,1.0,1.753,2.0
26平安银行CD010,98.51,1.4625,0.25,1.4625,2.0
26重庆农村商行CD073,98.54,1.4851,0.01,1.4851,2.0
26重庆农村商行CD066,98.54,1.485,0.01,1.485,2.0
26重庆银行CD008,98.51,1.4699,,1.4699,2.0
22附息国债03,107.13,1.3825,1.0,1.3825,2.0
26工商银行CD146,98.54,1.484,1.0,1.484,2.0
26光大银行CD055,98.55,1.4775,0.75,1.4775,2.0
26浙商银行CD019,98.45,1.465,0.49,1.465,2.0
26交通银行CD151,98.54,1.4851,1.0,1.4851,2.0
18附息国债11,104.81,0.79,1.0,0.795,2.0
26湖南银行CD043,99.28,1.4503,0.53,1.4503,2.0
26贵阳银行CD035,99.28,1.4503,,1.4503,2.0
26渤海银行CD153,99.28,1.4503,,1.4503,2.0
26中国银行CD039,99.27,1.455,0.49,1.455,2.0
22邮储银行二级01,100.98,3.3393,0.05,3.3393,2.0
26建行TLAC非资本债01A(BC),100.05,1.6751,-0.19,1.6751,2.0
26农业银行CD192,98.53,1.4915,1.0,1.4915,2.0
26邮政SCP004,99.95,1.49,0.99,1.49,2.0
26广州银行CD137,98.9,1.4851,0.1,1.4851,2.0
26工商银行CD042,98.54,1.4774,-0.02,1.4774,2.0
18农发06,105.27,1.418,-0.45,1.418,2.0
26浦发银行CD069,98.51,1.46,-0.25,1.46,2.0
26农业银行CD157,98.53,1.4825,1.0,1.4825,2.0
26兴业银行CD154,99.64,1.4399,0.22,1.4399,2.0
25平安银行CD127,98.37,1.4398,0.46,1.4398,2.0
21广东债72,116.07,1.65,-0.25,1.65,2.0
26农业银行CD081,99.29,1.4422,0.01,1.4422,2.0
24汇金MTN004,100.45,1.4999,-0.01,1.4999,2.0
25平安银行CD142,98.42,1.44,-0.48,1.44,2.0
26恒丰银行CD124,99.29,1.4454,,1.4454,2.0
26农业银行CD044,98.02,2.4393,-0.2,2.4393,2.0
26兴业银行CD099,98.93,1.4599,0.49,1.4599,2.0
26建设银行CD064,98.9,1.4501,1.0,1.4501,2.0
26兴业银行CD103,98.93,1.4576,1.0,1.4576,2.0
23附息国债09,120.85,2.1555,0.85,2.1469,1.901
23工行二级资本债02A,102.9,2.6096,1.0,2.6097,1.9
24农行二级资本债02A,101.79,2.063,-0.04,2.0631,1.9
25农行二级资本债01B(BC),100.92,2.0223,0.1,2.0227,1.9
20中国信达债02BC(品种二),107.27,1.75,1.0,1.7474,1.9
26首开MTN006,99.85,2.7927,-3.05,2.7917,1.9
26鲁能源MTN001(科创债),99.94,1.673,-1.2,1.6745,1.9
24附息国债19,100.01,0.8608,-9.86,0.8705,1.9
26青岛农商行小微债01,99.95,1.5975,-0.25,1.5993,1.9
26中行TLAC非资本债01BC,100.13,1.6814,0.18,1.6815,1.9
26华电新能SCP001,99.93,1.53,-0.99,1.53,1.9
26沪港务MTN005,100.32,2.0425,-1.75,2.0433,1.9
25农行二级资本债03A(BC),101.58,1.9872,0.01,1.9891,1.9
20福建债19,105.71,1.3475,1.0,1.3475,1.9
26河北债21,102.03,1.768,0.3,1.768,1.9
22附息国债22,101.47,1.0699,0.49,1.0696,1.842
25重庆02,101.1,1.8668,-0.26,1.8682,1.8
25云南债47,100.75,1.771,-0.9,1.771,1.8
24内蒙古02,104.75,1.44,2.0,1.44,1.8
24农行二级资本债01A,102.71,2.3557,0.1,2.3546,1.8
23建行二级资本债01A,102.95,2.9846,0.2,2.9841,1.8
26国网租赁SCP003,100.0,1.4464,-2.17,1.4573,1.8
26陕投集团MTN001,99.96,1.685,-0.87,1.6849,1.8
25中信证券科创债01,100.54,1.7099,1.0,1.7088,1.8
26工行二级资本债01BC,100.8,1.9071,0.03,1.907,1.8
23农行二级资本债01A,102.91,2.9894,0.27,2.9881,1.8
19农业银行二级03,107.54,3.478,0.28,3.4766,1.8
22国开04,103.69,1.455,1.0,1.4548,1.8
26国能租赁SCP002,99.97,1.4999,-0.52,1.4999,1.8
23浙商银行小微债02,100.2,1.4501,5.02,1.4344,1.8
23附息国债08,102.31,1.135,1.0,1.135,1.8
24国开清发03,100.44,1.335,-0.1,1.3353,1.8
25湖北11,100.21,1.8425,-0.45,1.8444,1.8
24农行二级资本债01B,106.03,2.2373,0.18,2.2365,1.8
26北京银行CD044,99.26,1.3803,1.1,1.3803,1.8
26临沂城投MTN001,101.29,1.91,-3.0,1.91,1.8
26鄂能源SCP008,99.98,1.5099,0.98,1.5099,1.8
26金圆投资MTN002,99.91,2.31,-2.0,2.3099,1.8
22国新控股MTN003(能源保供特别债),101.31,1.52,-2.0,1.52,1.8
26贴现国债50,99.71,1.1851,1.01,1.1851,1.8
24渤海银行二级资本债01,102.7,2.3762,-2.19,2.3762,1.79
25附息国债06,100.2,1.1749,0.98,1.1749,1.7815
24中信银行永续债01,101.96,,,,1.72
24四川债58,103.6,1.6199,0.37,1.619,1.7
24江苏债38,104.62,1.8252,-0.02,1.8192,1.7
26人民人寿永续债01,99.98,,,,1.7
25国泰海通科创债02,100.64,1.69,1.0,1.69,1.7
22交行二级资本债02A,101.76,2.7159,0.11,2.7157,1.7
25陕西债44,101.84,2.24,2.03,2.2319,1.7
26和盛ABN001优先A2,100.04,,,,1.7
22建设银行二级01,101.46,3.1666,-0.03,3.1666,1.7
25农行永续债02BC,101.87,,,,1.7
25上海债41,101.24,1.74,0.4,1.7394,1.7
26浦发银行小微债01,99.99,1.5625,1.0,1.5625,1.7
25上海银行债01,100.69,1.51,1.0,1.51,1.7
23附息国债12,107.73,1.455,1.0,1.4589,1.64
26大唐发电MTN006,99.83,1.6,9.0,1.6,1.6
24黑龙江债03,104.18,1.44,5.27,1.44,1.6
26甘肃债12,102.37,1.7682,-0.43,1.7681,1.6
25进出清发007,99.89,1.4414,-0.48,1.4414,1.6
24中行永续债01,101.48,,,,1.6
24开封经开MTN001,102.69,2.1203,-0.17,2.1207,1.6
24华发集团MTN005,100.45,2.7986,-0.54,2.7986,1.6
22农行二级资本债02A,101.55,2.7483,0.07,2.748,1.6
25电网CP003,100.0,1.6293,-0.96,1.6293,1.6
24农发30,102.75,1.72,0.75,1.7191,1.6
24牛首山PPN001,100.57,1.6593,3.01,1.6501,1.6
20江苏债18,107.6,1.32,0.75,1.3225,1.6
21山能重装MTN001,100.22,1.59,-1.79,1.59,1.6
22农业银行二级02,109.83,2.5923,-0.13,2.5924,1.6
26陕能投资SCP001,99.92,1.5301,0.01,1.5301,1.6
26京能洁能SCP002,99.94,1.4999,,1.4999,1.6
24山东债77,105.31,1.8455,1.0,1.8455,1.6
26建行TLAC非资本债02A(BC),100.0,1.68,1.0,1.6802,1.6
26恒力石化CP003,99.89,1.62,1.0,1.62,1.6
22宁波银行二级资本债01,101.52,2.9544,0.18,2.9546,1.6
24江苏债24,104.37,1.5861,1.0,1.5861,1.6
26四川39,100.21,1.766,-0.05,1.7667,1.6
26青岛华通MTN002(并购),100.0,1.67,,1.67,1.6
26广发银行债02,99.99,1.575,1.0,1.575,1.6
26柯桥开发MTN002,100.08,1.71,1.0,1.71,1.6
17附息国债22,137.75,2.065,0.2,2.065,1.6
26核风电GN008,100.0,1.3999,,1.3999,1.6
24工行TLAC非资本债01A,100.5,1.9423,14.43,1.9415,1.6
26鲲鹏投资SCP004(并购),99.95,1.5051,1.0,1.5051,1.6
24云南33,105.01,1.641,0.7,1.6405,1.6
26北控集CP003,99.98,1.39,-13.4,1.3914,1.6
25弘湘国投MTN001,101.44,1.63,-0.79,1.63,1.6
26厦国贸SCP011,100.01,1.5503,1.83,1.5503,1.6
26海南23,100.14,1.608,1.0,1.6095,1.6
25国开清发02,100.08,1.41,0.25,1.41,1.6
26上饶城投PPN001,100.13,1.801,-1.9,1.801,1.6
25农发清发12,100.16,1.3251,0.65,1.3213,1.56
24附息国债17,104.21,1.545,0.78,1.5391,1.525
23附息国债07,131.59,2.185,1.5,2.185,1.503
24河南14,104.43,1.4114,3.22,1.412,1.5
26江苏债35,99.95,1.49,0.25,1.4883,1.5
24工行TLAC非资本债01B,101.92,1.8027,-0.11,1.8027,1.5
24内蒙古债28,103.2,1.6324,,1.6324,1.5
25浙江债02,100.14,1.8377,0.77,1.8377,1.5
26陕有色MTN002,100.0,2.22,-5.0,2.22,1.5
26内蒙古债10,100.82,2.085,2.5,2.085,1.5
25工行二级资本债02BC,100.97,1.8563,0.01,1.8627,1.5
21安徽债51,117.19,1.68,-0.49,1.6787,1.5
26慈湖高新PPN001,100.64,2.1415,-14.38,2.1595,1.5
25农行二级资本债04A(BC),101.41,1.9701,0.2,1.9714,1.5
23建行二级资本债03A,103.66,2.7307,1.0,2.7308,1.5
25沪建工MTN001,101.4,2.035,1.0,2.035,1.5
26云建投MTN007,99.76,2.1575,-34.99,2.1559,1.5
26厦门银行债01,99.96,1.605,-0.1,1.6062,1.5
26甘肃银行二级资本债01,99.5,2.2768,0.69,2.2691,1.5
26临平开投PPN001,101.4,1.86,,1.8567,1.5
18附息国债17,132.75,2.095,0.5,2.094,1.5
24光大银行小微债,100.42,1.46,0.51,1.46,1.5
25中行二级资本债03A(BC),101.73,2.0134,0.05,2.0133,1.5
26广州产投SCP002,100.02,1.4995,1.95,1.4997,1.5
26川高速SCP001,99.98,1.49,1.0,1.49,1.5
21河北债61,109.97,1.5625,1.0,1.5625,1.5
26国开投MTN003,100.71,1.715,-3.0,1.7137,1.5
25中国银行科创债01,100.26,1.49,1.0,1.4906,1.5
23中行二级资本债03B,110.75,2.4903,-0.28,2.4904,1.5
24湖南债59,104.02,1.635,0.4,1.6329,1.5
24中原消费债01,100.72,1.5976,-0.01,1.5811,1.5
24邮政MTN005,100.49,1.52,-0.5,1.52,1.5
22农业银行永续债01,100.88,,,,1.5
26中远海运SCP004,100.0,1.3599,,1.3599,1.5
26杭州银行债02A,99.95,1.5875,0.6,1.5875,1.5
24农行永续债01,102.69,,,,1.5
25新疆债24,98.3,2.14,0.3,2.1388,1.5
25附息国债12,100.15,1.1749,1.0,1.1749,1.5
25福建债28,100.6,1.4072,-0.28,1.4062,1.5
26苏交通CP003,99.94,1.515,1.0,1.515,1.5
16附息国债23,100.27,0.8202,0.03,0.8202,1.5
25信达地产MTN002,100.52,2.7154,0.84,2.7154,1.5
25广东债56,104.12,2.0019,1.19,2.0019,1.5
25苏交通MTN008,100.43,1.5975,0.75,1.5975,1.5
20广东债35,105.4,1.3678,,1.3678,1.5
26河北债19,101.76,1.7679,0.04,1.7679,1.5
26河北债05,101.92,1.7676,,1.7676,1.5
24重庆债46,103.46,1.61,-1.25,1.61,1.4
25浙江债56,102.19,1.7341,-0.14,1.7341,1.4
23广东债13,109.1,1.4836,1.38,1.4843,1.4
24洛阳城乡MTN003,101.06,1.6248,0.48,1.6318,1.4
25建行永续债01BC,100.93,1.725,-2.5,1.725,1.4
25昆明高速MTN001,100.17,1.8,-8.39,1.8015,1.4
26湖南债30,100.65,2.28,0.5,2.2774,1.4
24交行二级资本债02B,103.13,2.0897,0.05,2.0897,1.4
23广州农商行二级资本债01,104.71,3.8682,0.35,3.8661,1.4
26湖南21,102.56,2.281,0.7,2.2775,1.4
26兴业银行二级资本债01,100.68,1.9114,1.0,1.9118,1.4
26中建一局SCP003,99.96,1.5,1.0,1.5,1.4
26农行TLAC非资本债01B(BC),100.96,1.8175,1.0,1.8155,1.4
25金开新能GN003(碳中和债),100.81,1.72,-3.0,1.72,1.4
26车谷城发MTN002,100.65,1.8139,-0.11,1.8174,1.4
25电网MTN016,102.28,1.9765,-0.35,1.9769,1.4
22邮储银行永续债01,100.68,,,,1.4
25中国旅游MTN002,100.4,1.6476,,1.6459,1.4
26江苏债34,100.32,1.755,0.18,1.755,1.4
21农发清发04,103.27,1.4425,0.25,1.4425,1.4
26中山农商行小微债01,99.97,1.65,1.0,1.6503,1.4
22曲文投MTN002,99.96,3.8301,,3.7817,1.4
25浦发银行01,100.52,1.4925,1.0,1.4929,1.4
25曲文投MTN003,101.81,3.49,10.03,3.455,1.4
21贵州债29,116.27,1.6975,-0.25,1.697,1.4
25国开14,99.88,1.4124,-0.06,1.4102,1.4
23宁波债16,114.33,2.0425,-0.25,2.0436,1.4
26河北债17,104.06,2.28,0.8,2.2789,1.4
26河北40,100.56,1.7675,0.15,1.7675,1.4
26广东债05,103.73,2.275,0.5,2.2753,1.4
19进出10,106.28,1.4575,-0.45,1.4561,1.4
23天津87,103.16,1.28,-1.88,1.28,1.4
25上海银行债02,100.67,1.5475,-0.25,1.5493,1.4
26交通银行CD089,99.29,1.4501,1.26,1.4501,1.4
24山东22,110.49,2.155,0.5,2.155,1.4
24杭州银行永续债01,101.96,,,,1.4
21北京银行永续债02,100.58,,,,1.37
24川华西MTN001,100.91,1.77,-0.71,1.7729,1.35
26电投绿能SCP004,100.0,1.5199,,1.5199,1.32
20进出10,105.87,1.505,1.0,1.505,1.3
26天津债54,99.81,1.6399,1.24,1.638,1.3
26冀中峰峰MTN002A,100.0,2.4499,-0.01,2.4495,1.3
26山东债88,99.95,2.2825,1.0,2.2798,1.3
24附息国债03,100.42,1.0801,1.0,1.0801,1.3
24农行永续债03BC,101.87,,,,1.3
25国电MTN001,100.32,1.56,-3.0,1.56,1.3
26河北39,103.01,2.28,1.01,2.2787,1.3
24浦发银行二级资本债01B,102.47,2.0801,0.05,2.0801,1.3
26中信建投CP009,99.99,1.4701,0.71,1.4701,1.3
21平安银行二级,100.36,3.6102,1.0,3.6133,1.3
23广东债16,116.11,2.0127,0.3,2.0131,1.3
26广东债21,104.34,2.277,0.7,2.2773,1.3
26内蒙古06,101.5,2.08,0.75,2.08,1.3
25象屿MTN007B,101.35,,,,1.3
25宿州城投MTN001,101.69,1.76,-4.91,1.7597,1.3
21浙商银行永续债,100.48,,,,1.3
26华夏银行CD166,99.65,1.3792,-0.01,1.3792,1.3
26江西交投MTN002,100.16,1.6321,-0.29,1.6306,1.3
26招商公路MTN001,99.83,1.6127,9.27,1.6079,1.3
25中冶MTN005,100.95,,,,1.3
26长沙银行CD112,99.64,1.3887,-1.01,1.3849,1.3
22上海28,104.22,1.3175,-0.42,1.3175,1.3
26湘高速CP003,99.98,1.4,-12.57,1.4287,1.3
23中信银行二级资本债01A,103.54,2.6476,0.01,2.6475,1.3
21广东债90,104.27,1.16,1.0,1.16,1.3
23进出10,108.86,1.635,0.25,1.6373,1.3
22附息国债19,106.7,1.4225,0.25,1.4225,1.265
25武金控MTN003,101.06,,,,1.24
26香格里拉MTN002A(BC),100.05,1.8082,0.01,1.8082,1.2
25四川11,101.55,1.652,2.66,1.6523,1.2
19农发06,106.27,1.4553,0.28,1.4553,1.2
26张家产投MTN002(科创债),100.0,1.7898,-1.02,1.7898,1.2
25江西交投MTN005,100.47,1.6,-1.75,1.6,1.2
24滨建投MTN003,100.64,1.6,1.01,1.6,1.2
26中建材集MTN001(科创债),99.98,1.745,1.0,1.7475,1.2
25中电投MTN010,100.27,1.565,0.5,1.565,1.2
26河北债15,103.86,2.279,0.4,2.2792,1.2
24湖州城投MTN003,102.41,,,,1.2
26四川债04,103.68,2.2775,0.25,2.2783,1.2
24云南债38,104.21,2.16,0.75,2.1596,1.2
24东莞银行02,100.62,1.49,1.0,1.49,1.2
26赣出版SCP004,99.94,1.515,,1.515,1.2
23北京10,102.34,1.22,-1.0,1.227,1.2
23厦门国际二级资本债01,104.08,3.2716,-0.28,3.2719,1.2
25长沙银行债01,100.71,1.51,1.0,1.51,1.2
25农行永续债01BC,100.99,1.7225,-3.25,1.7225,1.2
24天津农商行二级资本债01,101.84,2.3297,-0.17,2.3297,1.2
24诸暨国资MTN002,100.96,2.0745,0.4,2.0745,1.2
26玄武高新PPN001,101.29,1.9759,-1.24,1.9759,1.2
25涪陵新城MTN001A,103.62,1.7801,,1.7801,1.2
23农行二级资本债02B,109.43,2.4348,0.33,2.4344,1.2
25平安租赁MTN011,100.42,1.57,1.0,1.5705,1.2
25农发清发09,99.98,1.3558,0.02,1.3558,1.2
26国新控股MTN002(稳增长扩投资专项债),100.61,2.0491,0.45,2.0473,1.2
26福建港口SCP005,99.93,1.5201,1.02,1.5201,1.2
24重庆银行小微债01,100.52,1.5,1.0,1.5,1.2
24鄂联投MTN007,99.82,2.495,1.0,2.4723,1.2
26蜀道投资MTN008,100.09,,,,1.2
25潜江城投PPN001,101.47,2.258,-15.16,2.258,1.2
24华能MTN003,105.44,1.91,1.0,1.91,1.2
22之江城投PPN001,100.21,1.54,,1.54,1.2
24江苏债03,104.6,1.4188,0.48,1.4208,1.2
24长春公交MTN002B,104.15,1.82,-6.74,1.8393,1.2
26东莞农村商业银行CD015,99.23,1.4044,0.36,1.4044,1.2
22上海银行二级资本债01,101.64,3.2435,0.36,3.2424,1.2
25电网MTN017,102.27,1.9775,-0.25,1.9775,1.2
26电网MTN011,100.32,2.0325,0.25,2.035,1.2
21安徽债38,116.88,1.675,,1.6713,1.2
22南京银行永续债01,101.98,,,,1.2
26辽宁债34,102.9,2.2852,1.27,2.2851,1.2
26长沙水业MTN001,100.17,,,,1.2
24水发集团MTN005,100.03,1.8615,0.15,1.8615,1.2
26夏商MTN001,99.86,,,,1.2
26津城建MTN017,100.23,1.93,-2.0,1.93,1.2
22山东债26,125.43,2.155,,2.155,1.2
24赣州发展MTN002,102.93,1.705,-1.0,1.7017,1.2
25宁夏债14,98.61,2.13,-0.5,2.13,1.2
25中冶MTN004,100.97,,,,1.2
25河南债120,104.14,2.2848,0.73,2.2848,1.2
26大宁MTN002,100.0,1.69,1.0,1.69,1.2
26青岛海洋PPN001,100.9,1.8306,,1.8306,1.2
26江苏债07,100.86,1.5975,-0.23,1.5975,1.2
24六合新城MTN002,100.55,1.6209,-2.99,1.6209,1.2
22越秀集团MTN004,101.31,1.54,-1.0,1.54,1.2
25晋江城投MTN006,101.87,1.78,,1.78,1.2
24泸州高新MTN001,102.26,1.78,-4.07,1.78,1.2
25汇金MTN002,100.41,1.55,1.0,1.55,1.2
23进出05,102.01,1.41,-1.2,1.41,1.2
24四川债65,105.08,1.8451,1.0,1.8451,1.2
26南京银行债01BC,99.97,1.58,0.5,1.5846,1.2
26山东债66,101.31,2.0468,-0.12,2.0468,1.2
22长春轨交PPN001,100.72,1.6599,-1.01,1.6599,1.16
26昆仑金租债01,99.92,1.65,-4.0,1.65,1.1
24中行TLAC非资本债01B,101.93,1.8021,0.12,1.8021,1.1
24农行TLAC非资本债01A(BC),100.64,1.8446,0.1,1.844,1.1
26江苏债14,104.33,2.2775,0.96,2.2774,1.1
26象屿SCP005,100.01,1.5801,,1.5801,1.1
21工商银行二级02,100.51,3.3708,0.14,3.3708,1.1
26工行永续债01BC,100.77,,,,1.1
26广东债39,100.0,2.05,0.25,2.0473,1.1
26银河证券CP002,100.0,1.4832,0.43,1.4832,1.1
24交行债01,100.51,1.4601,0.01,1.4601,1.1
26远东租赁MTN006,100.03,1.83,-0.71,1.83,1.1
25中冶置业MTN001,100.68,3.2365,-0.45,3.2365,1.1
26西南水泥SCP001,100.0,1.5002,-0.96,1.5002,1.1
26晋江城投MTN001,100.01,1.715,-0.5,1.7173,1.1
26农发清发10,100.35,1.79,1.0,1.7904,1.1
26中原豫资MTN002,99.76,1.8,1.0,1.8,1.1
26建行TLAC非资本债01B(BC),100.35,1.7953,1.0,1.7951,1.1
26广州地铁SCP004,99.94,1.4999,-0.02,1.4999,1.1
25农行二级资本债02A(BC),100.73,1.83,0.15,1.83,1.1
24中行二级资本债01A,102.75,2.3683,-0.06,2.3684,1.1
24浙江34,105.33,2.155,,2.1459,1.1
24国开19,100.42,1.7378,0.1,1.7371,1.1
23工行二级资本债02B,108.33,2.3725,-0.12,2.3726,1.1
20福建债32,114.5,1.6575,0.25,1.6575,1.1
26工商银行CD084,98.55,1.4725,-0.5,1.4725,1.1
22宁波债29,104.55,1.311,0.22,1.311,1.1
23新中泰集MTN001,100.62,1.7401,9.7,1.7401,1.08
25昆山国创MTN006,102.57,,,,1.06
26金风科技MTN002(科创债),100.09,,,,1.04
26河北债47,99.79,1.4952,-0.03,1.4952,1.0
23湖北债120,105.44,1.3884,-0.06,1.388,1.0
25江苏债08,101.61,1.4604,3.37,1.4604,1.0
24安徽债27,104.09,1.4157,1.57,1.4157,1.0
26湖南债12,101.91,1.77,-0.2,1.77,1.0
25内蒙古债04,102.41,1.6536,0.61,1.6536,1.0
24广东债93,105.4,1.815,-1.39,1.815,1.0
25湖北债61,100.47,1.8908,-0.84,1.8917,1.0
24福建债46,104.08,1.8508,-0.36,1.8508,1.0
25福建债09,101.94,1.8657,-0.09,1.8657,1.0
25广东债17,101.15,1.6366,0.74,1.6366,1.0
26浙江46,99.92,1.3685,0.25,1.3685,1.0
22上海30,107.45,1.4625,3.0,1.4625,1.0
26河南32,100.44,1.5994,-0.01,1.5995,1.0
24附息国债18,102.29,1.3925,0.25,1.3913,1.0
26沪电气MTN001(科创债/并购),100.05,1.67,,1.67,1.0
26中兴通讯SCP024,99.99,1.4699,2.03,1.4699,1.0
26厦门国际银行CD078,98.89,1.495,0.01,1.495,1.0
26陕西债52,100.16,2.25,1.0,2.25,1.0
25百联集MTN002,100.58,1.6,1.0,1.6,1.0
26浦发银行CD081,98.52,1.465,0.83,1.465,1.0
21桂铁投MTN001,100.15,1.5035,-1.66,1.5035,1.0
26海淀国资MTN004B,100.91,1.86,-3.0,1.8597,1.0
24民生银行二级资本债01,102.15,2.1897,-0.07,2.1895,1.0
25甘肃银行CD129,98.35,1.47,,1.47,1.0
26中信银行永续债01BC,100.91,,,,1.0
25桂铁投MTN005,100.89,1.66,-1.16,1.66,1.0
26中交三航SCP020,99.97,1.4901,1.0,1.4901,1.0
21招商银行永续债,100.51,,,,1.0
26兴业银行永续债01BC,100.59,,,,1.0
26济南高新SCP004,100.01,1.5151,-0.49,1.5151,1.0
21富湾债01,105.5,1.657,,1.6597,1.0
26华阳新材MTN009,99.99,,,,1.0
26武金控SCP003,100.02,1.5601,1.02,1.555,1.0
26海螺科创MTN001,100.0,1.6199,1.0,1.6194,1.0
26农业银行CD074,99.29,1.4499,0.97,1.4499,1.0
26伊犁财通PPN001,100.75,2.046,-3.4,2.046,1.0
24连云城建MTN002,101.62,1.7127,-3.73,1.7127,1.0
25嘉经控股MTN005,100.72,1.8483,,1.8483,1.0
26宣城国资MTN002,100.16,1.845,1.0,1.843,1.0
24湖南33,105.43,1.8283,-1.51,1.8277,1.0
24中信银行债02BC,100.66,1.48,1.0,1.48,1.0
24汇金MTN005,101.23,1.6298,-0.27,1.6298,1.0
26郑州银行CD078,98.9,1.473,-0.71,1.473,1.0
26南京银行CD249,99.28,1.4649,,1.4649,1.0
23安徽债23,114.49,1.7266,-1.97,1.7268,1.0
23江苏债09,114.9,1.6984,,1.6986,1.0
26杭州银行CD080,98.9,1.47,,1.47,1.0
23湖南债11,114.59,1.7261,,1.7263,1.0
25建安投资PPN002,101.09,1.4919,,1.493,1.0
26光大控股MTN002,100.66,,,,1.0
24首旅MTN011B,101.62,,,,1.0
24兴业银行永续债01,101.89,,,,1.0
25五矿集MTN024(并购),100.75,,,,1.0
25五矿集MTN015,101.1,,,,1.0
23成都农商行永续债01,104.3,,,,1.0
24宁经开MTN002B,103.04,1.7667,,1.7667,1.0
22临港经济MTN001,100.31,1.5226,-0.74,1.5215,1.0
25中国银行CD065,98.36,1.3913,1.0,1.3913,1.0
26南航股SCP016,99.94,1.515,-0.01,1.515,1.0
25内蒙古债26,103.25,1.76,-0.32,1.76,1.0
25浙江债80,102.17,1.745,-0.34,1.745,1.0
21浙江49,109.03,1.4,-1.5,1.4,1.0
26青岛农商行CD030,98.79,1.7399,27.0,1.7399,1.0
25广西债24,102.62,2.23,0.4,2.2304,1.0
26义乌国资MTN004,100.06,,,,1.0
26九龙江MTN002A,100.59,,,,1.0
25万州经开MTN003,101.13,1.9219,-34.68,2.0254,1.0
25农业银行CD403,98.41,1.4423,0.22,1.4423,1.0
26重庆30,100.11,1.6025,0.37,1.6025,1.0
25中电投MTN004(能源保供特别债),101.1,,,,1.0
24陕西债13,107.55,2.0975,0.05,2.0963,1.0
26交通银行CD111,98.92,1.4639,0.38,1.4639,1.0
20上海债09,107.42,1.32,1.0,1.32,1.0
25工商银行CD283,98.45,1.4399,-0.02,1.4399,1.0
26大唐租赁SCP006,99.98,1.5002,1.01,1.5052,1.0
26广州银行CD112,98.52,1.4975,,1.4975,1.0
24招商局MTN003,100.06,1.4701,1.01,1.4701,1.0
26光大银行CD074,98.54,1.485,1.0,1.485,1.0
25广东债32,101.07,1.4777,2.57,1.4774,1.0
26斯洛文尼债01BC,100.37,1.74,-1.0,1.74,1.0
24广东债14,104.72,1.42,,1.42,1.0
24金华融盛MTN003,101.55,1.7782,-2.18,1.7791,1.0
26中国银行CD021,99.28,1.4351,-0.01,1.4351,1.0
26重庆农村商行CD139,98.53,1.495,,1.495,1.0
24山东债02,105.2,1.431,-0.24,1.431,1.0
23农发15,102.21,1.44,1.0,1.44,1.0
26晋陵投资MTN002,99.69,1.875,6.5,1.875,1.0
26诚通控股MTN003B(科创债),100.0,2.22,0.01,2.22,1.0
25澴川国资MTN001B,102.76,1.87,-7.18,1.8676,1.0
26临沂城投CP003,100.09,1.4103,-0.96,1.4091,1.0
25济南建工SCP002,100.01,1.8987,,1.8987,1.0
26江铜股份MTN004A(并购),100.0,2.1,,2.1,1.0
26湖南钢铁CP001,99.92,1.53,1.0,1.53,1.0
23安徽债60,113.94,2.0525,,2.0533,1.0
26泉州交通MTN005,100.07,1.785,0.11,1.785,1.0
25中行二级资本债02BC,101.48,1.9817,0.13,1.9812,1.0
26上饶城投PPN002,100.04,1.71,0.27,1.7135,1.0
25大连城投MTN001,102.73,1.9,-5.0,1.8996,1.0
25南京银行二级资本债01BC,101.14,1.9043,-0.21,1.9043,1.0
25注资特别国债01,100.38,1.34,-1.0,1.34,1.0
25南电MTN008,101.18,1.7506,-0.25,1.7506,1.0
26江苏苏州农商银行CD031,99.63,1.4498,,1.4498,1.0
26广州地铁SCP010,99.96,1.5,1.0,1.5,1.0
26江苏41,99.86,1.755,0.09,1.755,1.0
26华夏银行CD071,98.53,1.4657,0.42,1.4657,1.0
26闽高速MTN001,100.03,1.665,-0.58,1.666,1.0
26广东债35,103.5,2.2775,0.75,2.2775,1.0
26青岛10,101.06,1.5831,0.22,1.5831,1.0
26民生银行CD119,99.28,1.4399,,1.4399,1.0
26开福城投MTN002,100.08,1.733,0.11,1.7325,1.0
26中兴通讯SCP026,99.99,1.4699,0.97,1.4699,1.0
25山西建投MTN001,101.13,,,,1.0
26内蒙古债13,100.53,1.77,-0.5,1.77,1.0
26温州银行CD061,98.52,1.51,1.0,1.51,1.0
26首钢股份SCP002,99.95,1.5002,1.02,1.5002,1.0
26江苏26,100.24,2.235,0.9,2.235,1.0
25稠州商行二级资本债01,100.18,2.5264,,2.5268,1.0
26兴业银行CD145,99.27,1.4631,0.41,1.4631,1.0
26山东债29,101.84,1.759,-0.35,1.759,1.0
26华夏银行CD092,99.29,1.4399,-0.01,1.4399,1.0
26广发银行CD038,98.51,1.46,1.0,1.46,1.0
24中电投MTN029,100.14,,,,1.0
26中交一公SCP012,99.96,1.4999,1.0,1.4999,1.0
26华数传媒SCP001,100.0,1.5052,-0.48,1.5052,1.0
26重庆三峡银行三农债01,99.98,1.6575,0.25,1.6563,1.0
25河钢集MTN015,101.0,1.68,,1.68,1.0
26江苏债36,100.4,2.235,0.76,2.235,1.0
26南海控股SCP001,99.96,1.5199,-1.01,1.5199,1.0
26兴业银行CD119,99.65,1.3792,-1.02,1.3792,1.0
26兴瑞4优先,100.0,,,,1.0
26山西债52,99.75,1.7675,1.0,1.7675,1.0
26民生银行CD211,99.64,1.4301,,1.4301,1.0
25电网MTN047(科创债),101.64,1.6605,-2.71,1.6593,1.0
26汇理汽车绿色债01,100.77,1.68,,1.68,1.0
26建设银行CD257,98.91,1.4743,-0.08,1.4795,1.0
24光大控股MTN002A,100.61,1.55,0.49,1.55,1.0
22山东债34,124.87,2.155,1.0,2.155,1.0
25广发银行CD282,98.37,1.4399,0.26,1.4399,1.0
26杭州银行CD064,99.28,1.4402,-0.54,1.4402,1.0
26建设银行CD241,98.53,1.4855,0.05,1.4855,1.0
26农业银行CD020,98.84,1.4448,1.0,1.4448,1.0
26重庆银行CD033,98.54,1.4883,-0.38,1.4883,1.0
26中信银行CD136,98.91,1.46,0.25,1.46,1.0
26新疆银行CD029,98.49,1.5349,,1.5349,1.0
26中兴通讯SCP028,99.99,1.4799,1.97,1.4799,1.0
24晋城国资MTN003,100.84,1.58,1.0,1.58,1.0
26江苏银行CD096,98.55,1.4824,0.24,1.4824,1.0
25福建债21,99.19,2.1225,-0.25,2.1228,1.0
26华数SCP002,99.98,1.51,0.51,1.5101,1.0
26广发银行CD098,98.55,1.47,,1.47,1.0
25顺德农商小微债01,100.77,1.55,-1.5,1.55,1.0
24首创集MTN001A,100.53,1.57,0.07,1.57,1.0
25中交二航MTN001(科创票据),100.96,,,,1.0
26工商银行CD073,98.55,1.48,0.5,1.48,1.0
26海南债05,104.64,2.2726,1.0,2.2726,1.0
26中信银行CD251,99.64,1.4399,0.5,1.4399,1.0
26江苏银行CD050,98.5,1.4675,0.45,1.4675,1.0
26农业银行CD174,98.9,1.48,1.0,1.48,1.0
26中信银行CD082,98.89,1.4399,-0.01,1.4399,1.0
25交通银行CD229,98.38,1.4397,1.26,1.4397,1.0
26光大银行CD010,98.47,1.4599,1.0,1.4599,1.0
24苏州银行债02,100.49,1.5,1.0,1.5,1.0
24广州控股MTN004,101.75,1.75,-2.0,1.75,1.0
26广发银行CD014,98.45,1.4601,1.0,1.4601,1.0
24华发集团MTN014,100.1,2.3643,-1.31,2.3649,1.0
25交通银行CD220,98.36,1.3807,1.2,1.3807,1.0
26农业银行CD196,98.53,1.493,0.1,1.493,1.0
26湖南银行债01,99.99,1.5927,-0.23,1.5951,1.0
26甘肃债36,101.99,2.265,-1.05,2.2638,1.0
23吉林债32,105.28,1.435,1.29,1.4318,1.0
25河北债79,104.15,2.0124,0.31,2.0117,1.0
25浙江14,100.13,1.8493,-1.07,1.8476,1.0
26山东债59,102.8,2.28,0.75,2.279,1.0
26中国通用SCP002,99.99,1.4801,-0.02,1.4801,1.0
25中建二局MTN001(科创债),99.76,2.38,3.15,2.38,1.0
26山东07,104.46,2.0199,-1.04,2.0187,1.0
24交行二级资本债01A,102.13,2.1437,-0.07,2.1439,1.0
26邮储银行CD010,99.64,1.3894,1.5,1.3894,1.0
24福瑞能源MTN004,100.62,1.5306,-0.01,1.5296,1.0
26交通银行CD129,98.54,1.478,0.06,1.478,1.0
23江苏债03,124.86,2.143,1.0,2.143,1.0
25广发银行CD305,98.43,1.4399,1.0,1.4399,1.0
26中信银行CD074,98.52,1.4624,0.23,1.4624,1.0
26中信银行CD069,98.88,1.4373,-0.27,1.4373,1.0
26中国银行CD058,98.54,1.485,0.5,1.485,1.0
22重庆债39,113.6,1.7017,-2.3,1.7019,1.0
24中石化MTN003,100.06,1.4701,1.0,1.4701,1.0
26华能集SCP005,100.0,1.4608,1.0,1.4608,1.0
26恒泰MTN003,99.76,1.755,0.18,1.75,1.0
26海峡银行小微债02,99.91,1.67,3.0,1.67,1.0
25华夏银行绿债01,100.33,1.48,1.0,1.48,1.0
25工商银行CD263,98.36,1.3805,0.98,1.3805,1.0
26湖南债23,102.8,2.28,1.0,2.2788,1.0
26汉口银行CD090,98.5,1.5201,-0.99,1.5196,1.0
26桂林银行CD078,99.28,1.4598,-0.02,1.4598,1.0
25甘交建MTN001,101.3,1.6621,1.21,1.6621,1.0
26工商银行CD101,98.91,1.4601,0.47,1.4601,1.0
26工商银行CD037,98.5,1.4599,-0.02,1.4599,1.0
26贵阳银行小微债01,100.0,1.6214,0.14,1.6207,1.0
26东莞农村商业银行CD038,98.53,1.49,,1.49,1.0
26进出清发贴现11,99.67,1.2711,,1.2711,1.0
25江西债78,102.22,2.2367,,2.2367,1.0
25云南33,102.89,1.7629,,1.7629,1.0
26工商银行CD033,98.85,1.4403,1.27,1.4403,1.0
25中信百信银行小微债01,100.56,1.715,-0.51,1.715,1.0
25浙商银行CD161,98.42,1.45,0.49,1.45,1.0
25浙商银行CD157,98.41,1.4426,-0.25,1.4426,1.0
25金华银行CD061,98.31,1.5001,-3.99,1.5001,1.0
26杭州银行CD051,98.51,1.4676,1.0,1.4676,1.0
25南浦口MTN002,101.03,1.65,,1.65,1.0
25山东债79,101.77,1.585,1.0,1.585,1.0
24安徽债75,100.99,1.3465,0.4,1.3465,1.0
26重庆农村商行CD082,98.91,1.47,0.01,1.47,1.0
26东莞银行CD033,98.5,1.4701,-0.9,1.4701,1.0
26上海农商银行CD045,98.9,1.4849,,1.4849,1.0
26浦发银行CD088,98.52,1.4649,0.49,1.4649,1.0
24江南农商行债01,100.56,1.51,,1.51,1.0
26工商银行CD161,98.54,1.485,-12.5,1.485,1.0
23湖北债121,109.9,1.535,1.0,1.5325,1.0
26西部机场MTN001,99.8,1.75,1.5,1.75,1.0
26中信银行CD239,98.54,1.485,1.0,1.485,1.0
25锡产业MTN003,100.12,1.52,-1.99,1.52,1.0
25威海银行小微债,100.53,1.61,1.0,1.61,1.0
23天津83,102.91,1.2925,-0.42,1.2925,1.0
26蚌埠中城PPN001,99.88,1.7737,-2.63,1.7737,1.0
26德州财金PPN001,100.41,1.7942,1.42,1.7942,1.0
26华夏银行CD062,98.52,1.465,-0.5,1.465,1.0
20江苏03,106.63,1.33,,1.33,1.0
26赣粤SCP001,100.0,1.4801,-1.0,1.4801,1.0
26建设银行CD109,98.55,1.48,0.49,1.48,1.0
26中信建投CP016,100.0,1.5001,0.02,1.5001,1.0
26工商银行CD162,99.27,1.4601,0.27,1.4601,1.0
14国开17,110.36,1.45,0.32,1.45,1.0
25新疆债62,101.46,2.246,0.6,2.2455,1.0
26南航集SCP004,99.94,1.5076,-0.24,1.5076,1.0
26徽商银行CD034,98.49,1.4675,1.0,1.4675,1.0
26上海银行CD041,98.52,1.4783,0.08,1.4804,1.0
20抗疫国债03,105.59,1.2535,-0.15,1.2535,1.0
26法巴银行债01B(BC),100.85,1.85,-1.0,1.85,1.0
26大唐新能SCP005,99.98,1.4998,1.96,1.4998,1.0
26江苏38,99.59,1.603,0.12,1.603,1.0
26中国银行CD007,99.29,1.4348,1.0,1.4348,1.0
26工商银行CD110,98.54,1.4731,-0.19,1.4731,1.0
26南京银行CD013,98.79,1.4421,-0.33,1.4421,1.0
26上海银行CD047,98.52,1.4849,0.5,1.4849,1.0
26上海债14,103.25,2.0305,0.02,2.0315,1.0
26广东债25,103.42,2.026,-0.03,2.0268,1.0
26山东56,101.61,2.0425,0.35,2.043,1.0
26浙商银行CD002,98.43,1.465,1.0,1.465,1.0
23江苏债20,104.86,1.3825,0.25,1.3825,1.0
25内蒙古债36,102.1,1.7715,,1.7715,1.0
26广州银行CD042,99.28,1.4451,1.03,1.4451,1.0
26民生银行CD210,98.53,1.4925,0.26,1.4925,1.0
20浙江债10,114.07,1.6075,0.75,1.6075,1.0
26广东南粤银行CD087,98.95,1.348,-0.19,1.348,1.0
22陕西债65,114.91,2.0225,0.1,2.0225,1.0
26江苏债31,100.32,1.754,0.31,1.7543,1.0
24重庆债48,102.3,1.46,0.17,1.46,1.0
26中国银行CD056,98.54,1.484,1.0,1.484,1.0
24福建债25,105.24,1.8222,-0.75,1.8222,1.0
23山东债82,106.22,1.38,1.0,1.38,1.0
26厦门国际银行CD067,98.89,1.4925,0.24,1.4925,1.0
26江西41,99.84,2.24,0.5,2.24,1.0
26光大银行CD037,98.02,2.4131,-0.19,2.4131,1.0
26中国银行CD014,98.05,2.1578,-0.14,2.1578,1.0
26宁波银行CD181,98.04,2.2085,-0.14,2.2085,1.0
25农业银行CD368,98.37,1.4447,0.5,1.4447,1.0
26吉林债22,100.03,1.5125,1.0,1.5113,1.0
26中泰证券CP003,100.0,1.4817,4.12,1.4817,1.0
26江苏银行CD034,98.84,1.4452,0.04,1.4452,1.0
26光大银行CD042,98.55,1.4775,1.0,1.4775,1.0
26安徽债36,101.64,2.0405,0.3,2.0405,1.0
25绍兴银行CD081,98.73,1.3995,3.01,1.3995,1.0
25电网MTN001,100.42,1.6268,0.01,1.6268,1.0
26建设银行CD030,98.85,1.4397,1.0,1.4397,1.0
26中国银行CD046,98.54,1.48,-0.36,1.48,1.0
22附息国债21,104.05,1.2499,0.99,1.2407,0.965
25附息国债17,100.22,1.2195,-1.05,1.2268,0.964
25附息国债14,100.85,1.3216,0.91,1.323,0.9604
24信阳建投MTN002,103.19,2.1004,-11.7,2.0026,0.95
25华电股MTN009,100.49,,,,0.94
23重庆债07,116.76,2.0375,,2.0375,0.9
23重庆03,117.25,2.036,1.1,2.036,0.9
25交行TLAC非资本债02A(BC),100.42,1.6291,0.19,1.6291,0.9
25川华西MTN003,100.94,2.3572,-0.12,2.3572,0.9
26中信银行永续债02BC,100.52,,,,0.9
23建行二级资本债03B,110.09,2.451,-0.27,2.4513,0.9
21湖州城投债02,100.27,1.64,1.0,1.65,0.9
25光明MTN001,100.24,1.565,1.0,1.565,0.9
26荣盛MTN003(科创债),99.92,1.9282,-0.18,1.929,0.9
22漳州交通MTN002,102.07,1.5523,,1.5523,0.9
25建行二级资本债01BC,101.27,1.9064,-0.03,1.9064,0.9
25南海农商行债01,100.69,1.62,1.0,1.62,0.9
24中行二级资本债02B,105.49,2.2042,-0.15,2.2045,0.9
26昆明轨道MTN002,100.0,1.9299,-2.01,1.9144,0.9
26南通城建SCP004,100.0,1.4805,0.97,1.4805,0.9
24浦发银行二级资本债01A,101.49,1.9653,1.0,1.9657,0.9
21江西债05,103.56,1.18,,1.15,0.9
20攸发养老债,20.46,1.6602,,1.6668,0.9
25工行二级资本债03BC,100.57,1.8095,0.28,1.8092,0.9
25大唐发电MTN005,101.48,,,,0.9
26重庆债28,102.59,2.035,1.0,2.035,0.9
26中信建投CP005,100.0,1.4634,1.38,1.4634,0.9
24平安银行二级资本债01A,101.83,2.0643,-0.11,2.0641,0.9
21交通银行二级,100.07,3.6334,0.64,3.6304,0.9
26金融街MTN005,100.0,2.5499,-1.55,2.5499,0.9
21豫交投MTN001,100.04,1.5018,5.07,1.5018,0.9
23沪国资MTN002,100.13,1.4802,-0.94,1.4802,0.9
26核风电GN007(乡村振兴),100.0,1.3999,,1.3999,0.9
25交通银行CD218,98.35,1.3814,1.26,1.3814,0.9
23招行永续债01,103.92,1.6,-1.0,1.6,0.9
26平安租赁SCP003,99.97,1.5499,1.0,1.5499,0.9
25保利发展MTN003A,99.98,2.01,,2.01,0.9
26南京公路SCP002,100.0,1.3798,,1.3798,0.9
26江苏债19,101.01,2.03,-0.48,2.0301,0.9
20甘肃债06,100.98,0.95,-10.0,0.95,0.9
26江苏债17,100.63,1.5779,1.0,1.5779,0.9
25建设银行CD382,98.35,1.385,1.37,1.385,0.86
26中建MTN002,100.14,,,,0.86
22附息国债24,119.36,2.1475,2.0,2.1454,0.8562
26清浦融控MTN001,100.0,1.99,,1.99,0.85
26附息国债04,100.19,1.24,1.0,1.2354,0.8225
23青山湖PPN001,100.24,1.639,-0.1,1.6396,0.82
23浙江39,107.83,1.5,2.35,1.5,0.8
25山东46,101.33,1.89,0.39,1.89,0.8
22山东债16,119.15,1.9843,,1.9843,0.8
26华润控股MTN004,99.4,1.95,-2.95,1.95,0.8
26珠海港股MTN002(并购),100.27,1.73,,1.73,0.8
26江宁经开MTN005,100.13,,,,0.8
26鲁高速股MTN002,99.93,1.675,1.0,1.675,0.8
26嘉善国控MTN005,99.55,1.835,1.0,1.835,0.8
25民生银行二级资本债01,102.12,2.0785,0.1,2.0785,0.8
18宜昌绿色债NPB,109.23,4.4321,-0.57,4.4321,0.8
21保利发展MTN004,100.35,1.5699,0.99,1.5699,0.8
23中行二级资本债03A,103.82,2.8287,0.35,2.828,0.8
25夏商MTN001(乡村振兴),100.2,,,,0.8
26天津银行CD077,98.53,1.4875,,1.4875,0.8
26奉化投资PPN003,99.83,1.6959,-0.6,1.6959,0.8
24郑州高新MTN001,100.53,1.6558,-0.25,1.6558,0.8
24济南轨交MTN001,101.32,,,,0.8
24龙城发展PPN003B,101.44,1.7383,,1.7383,0.8
26金源华兴PPN001,100.0,2.2199,1.0,2.2199,0.8
26贵州高速MTN004,99.97,1.72,-0.5,1.7192,0.8
25工行二级资本债01BC,101.21,1.8938,-0.04,1.8943,0.8
24南电MTN003,102.06,1.6125,-2.25,1.6125,0.8
25内蒙古债22,101.79,1.7625,,1.7625,0.8
25华能财资GN001(碳中和债),100.12,1.62,4.0,1.605,0.8
26淮安投资SCP001,99.97,1.55,1.01,1.55,0.8
25新郑投资PPN007,103.12,2.01,,2.01,0.8
26海宁资产MTN001A,100.11,1.7162,-2.05,1.7157,0.8
26厦国贸控MTN003,101.21,,,,0.8
21娄城双创债01,40.51,1.5963,,1.5963,0.8
26水发集团MTN004,100.53,2.43,-1.0,2.435,0.8
26海南发展MTN002B,100.45,,,,0.8
26晋能煤业MTN007,101.81,1.92,,1.92,0.8
26福建海峡银行CD071,98.51,1.518,,1.518,0.8
26齐商银行永续债01,100.04,,,,0.8
24大足发展PPN002,102.42,1.7456,1.0,1.7512,0.8
26昆明轨道MTN003,99.97,1.9295,-2.0,1.9296,0.8
23江西交投MTN003,102.51,1.59,-1.0,1.59,0.8
24东莞交投MTN001,100.69,1.3904,-0.97,1.3892,0.8
25温兴2次级,79.12,,,,0.8
26广东债03,103.13,2.23,1.0,2.2309,0.8
26绵阳投资MTN001,102.37,1.89,1.0,1.8894,0.8
25灵山MTN001,100.54,1.6,-2.0,1.5987,0.8
26商丘发展PPN002,100.0,1.84,1.0,1.84,0.8
26浙商银行永续债01BC,100.25,,,,0.8
25中行TLAC非资本债02(BC),100.61,1.7151,-0.16,1.7162,0.8
26京能洁能SCP003,99.94,1.4999,-0.01,1.4999,0.8
24江苏银行债01BC,100.71,1.5,-0.25,1.5,0.8
26粤交投MTN003,100.37,1.725,-0.39,1.725,0.8
24金茂投资MTN001,100.76,1.7801,-0.99,1.79,0.8
25民泰商行二级资本债01,101.01,2.4585,-0.44,2.454,0.8
25晋能煤业MTN006,100.23,1.5399,17.96,1.5474,0.8
26广东能源SCP003,99.97,1.55,1.0,1.55,0.8
26厦门产投MTN003(科创债),100.05,1.86,-1.0,1.855,0.8
26南海控股MTN001,100.07,1.7825,-3.86,1.7788,0.8
26上饶投资CP001,100.07,1.5559,0.58,1.5559,0.8
26江西债02,102.09,1.7675,0.25,1.7675,0.8
26广州医药SCP002,99.92,1.54,-1.0,1.545,0.8
24常熟发投PPN003,100.58,2.3143,0.45,2.3139,0.8
22龙城发展MTN005B,101.82,1.42,-12.78,1.4212,0.8
24沧州建投MTN001,101.71,1.75,,1.7475,0.8
26陕西旅游MTN001,99.63,,,,0.8
26晋能电力MTN006,100.04,,,,0.8
24长安银行绿债01,100.52,1.5199,0.99,1.5223,0.8
24镇江交通MTN002,102.04,1.729,-3.87,1.729,0.8
24鲁国资MTN003,101.82,1.69,-1.0,1.69,0.8
26云南债10,104.02,2.2825,0.57,2.2826,0.8
26青山湖MTN002,100.33,,,,0.8
26西藏债01,104.91,2.28,0.27,2.2838,0.8
24浦东开发MTN001,100.53,1.5297,-2.02,1.5285,0.8
24苏州高新MTN006,100.44,1.57,0.51,1.5687,0.8
24鄂联投MTN003,100.66,,,,0.8
25湖南债11,101.91,1.661,2.15,1.6616,0.8
24南航股MTN006,100.62,1.3899,-13.35,1.3913,0.8
23云南债15,102.25,1.28,,1.28,0.8
21抚投绿债01,40.14,1.6399,-2.29,1.6399,0.8
24融和融资MTN003(碳中和债),100.5,1.53,,1.53,0.8
26辽宁债38,99.71,2.0825,-0.75,2.0825,0.8
23光大集团MTN001,109.19,1.83,1.0,1.83,0.8
26贴现国债56,99.7,1.1952,-0.47,1.1952,0.8
24威宁投资MTN003,100.72,1.61,-4.0,1.61,0.8
26烟台业达MTN001,101.01,1.9201,-2.69,1.9201,0.8
24乌城投MTN005,101.38,1.68,-2.0,1.68,0.8
26上海18,99.85,1.4715,1.0,1.4715,0.8
25交通银行科创债01,100.27,1.485,-0.37,1.4835,0.8
25安徽债69,101.43,1.8919,1.0,1.8919,0.8
24四川债43,104.5,1.6152,1.28,1.6152,0.7
26南京地铁MTN002,99.58,1.73,-0.5,1.73,0.7
23湖南99,108.54,1.5221,0.91,1.5221,0.7
26长城国瑞CP002,100.01,1.59,-0.99,1.59,0.7
21附息国债09,108.06,1.25,-0.25,1.2564,0.7
25电网MTN034,101.52,1.6741,1.1,1.6725,0.7
23农行永续债01,103.15,,,,0.7
24民生银行永续债01,101.75,,,,0.7
25五矿集MTN005,101.66,,,,0.7
22天津债51,116.65,2.04,0.5,2.0382,0.7
26浙江债15,103.47,2.2775,1.27,2.2757,0.7
26湖南债36,99.92,2.245,1.0,2.245,0.7
26福建债19,101.51,2.2453,1.53,2.2415,0.7
24建行二级资本债01A,102.7,2.3478,0.09,2.3479,0.7
24南京银行02,100.48,1.485,1.0,1.4871,0.7
26温州交通MTN005,100.21,1.775,,1.775,0.7
24南电MTN004,102.11,1.61,,1.61,0.7
26广州地铁SCP001,100.01,1.4801,,1.4727,0.7
26湖南债05,103.68,2.2775,0.5,2.2775,0.7
24粤珠江MTN005,100.57,2.19,-1.0,2.19,0.7
26日照港MTN001,100.0,1.7198,1.0,1.7198,0.7
26陕投集团MTN002,100.18,1.79,-1.0,1.79,0.7
21中国银行永续债02,100.45,,,,0.7
26宁夏债04,104.86,2.2825,0.75,2.2832,0.7
26国联SCP010,99.97,1.5101,,1.5101,0.7
26南昌轨交SCP003,99.94,1.52,1.0,1.52,0.7
25工行永续债01BC,100.87,1.725,-13.0,1.7233,0.7
26中铁城投MTN001,99.56,1.735,-0.5,1.735,0.7
23宁河西MTN001B,102.92,1.611,,1.611,0.7
23建行二级资本债02B,110.76,2.4903,-0.29,2.4928,0.7
20农发20,126.53,1.845,-0.1,1.8482,0.7
26中燃气MTN006,100.28,2.0787,-0.13,2.0787,0.7
22西湖投资PPN001,100.45,1.5416,,1.5402,0.7
25光明MTN003,100.51,1.62,1.0,1.62,0.7
24中行二级资本债02A,102.51,2.2541,0.18,2.2531,0.7
23陕西债55,105.53,1.385,1.0,1.385,0.7
25哈尔滨投MTN002,101.16,1.89,4.0,1.8706,0.7
24中行TLAC非资本债01A,100.75,1.7941,-0.07,1.9183,0.7
24邮政MTN002,100.46,1.51,-0.25,1.51,0.7
24汇金MTN009,100.78,1.65,1.0,1.65,0.7
23蜀道投资MTN008,103.01,1.62,,1.62,0.7
26四川债18,105.35,2.28,0.5,2.28,0.7
26苏农垦SCP016,99.99,1.5001,2.03,1.5001,0.7
24陕西建工MTN001,98.31,7.4901,236.45,7.0664,0.7
22交通银行二级01,100.88,3.2681,0.02,3.2687,0.7
26农行二级资本债01B(BC),102.13,2.0996,1.0,2.0996,0.7
26中电投SCP003,99.98,1.4802,2.53,1.4802,0.7
23首都机场MTN001(绿色),100.02,1.4701,-0.08,1.4701,0.7
25附息国债18,101.86,1.454,-0.2,1.4554,0.7
23农行二级资本债02A,103.31,2.7254,0.05,2.7255,0.7
26渤海银行二级资本债01,100.92,1.9943,-0.12,1.9943,0.7
21大连09,103.77,1.145,,1.145,0.7
26泰州城建SCP001,100.0,1.49,1.0,1.49,0.7
25深燃气SCP004(科创债),100.0,1.4614,1.17,1.4614,0.7
26中建MTN001,100.25,,,,0.68
26日照新融PPN001,100.0,2.4999,1.0,2.4999,0.63
20国开04,100.7,1.2851,0.5,1.2803,0.6197
25附息国债10,100.42,1.2075,0.05,1.205,0.6058
26长沙国控MTN001,100.18,1.88,-0.7,1.88,0.6
26南京港MTN001,100.0,1.6492,-0.08,1.6492,0.6
24义乌商品MTN001,100.98,1.57,-2.0,1.57,0.6
21邵阳专项债01,40.91,1.7301,3.01,1.7301,0.6
26中联重科MTN002(科创债),100.13,1.89,0.5,1.89,0.6
24陕西31,104.06,1.588,1.05,1.588,0.6
24云能投MTN009,100.19,1.5166,1.9,1.5166,0.6
26川华西MTN002,100.0,2.28,-23.72,2.28,0.6
25宁沪高MTN004,100.45,1.55,,1.55,0.6
26温州交通MTN004,100.15,,,,0.6
24光大控股MTN001A,100.53,1.535,-0.5,1.535,0.6
23铁道18,118.85,2.2875,0.25,2.2857,0.6
26狮桥租赁SCP001,100.0,1.75,1.0,1.7501,0.6
22华发集团MTN005B,101.16,2.08,-5.99,2.08,0.6
25华银电力MTN002,100.38,1.57,-2.0,1.5717,0.6
25西安高新MTN007,101.62,,,,0.6
26苏交通SCP006,99.98,1.4701,1.0,1.4701,0.6
26甘国投SCP001,100.03,1.5098,,1.5098,0.6
22湖南债155,113.42,1.7171,-0.79,1.7173,0.6
26湘投国际SCP001,99.87,1.5901,1.01,1.5867,0.6
26重庆债53,100.16,2.24,1.0,2.24,0.6
25晋能电力MTN003,100.81,,,,0.6
25新海连MTN005,101.22,1.63,,1.63,0.6
26湘高速MTN004,100.37,1.9,-2.0,1.9,0.6
24保利发展MTN003,100.69,1.6318,0.18,1.6318,0.6
25安徽水利MTN001,100.61,,,,0.6
24义乌国资MTN002,101.94,,,,0.6
26海南农垦MTN001(并购),100.01,1.737,-0.29,1.737,0.6
25乌江水电MTN002,101.1,,,,0.6
26潍坊城建MTN001A,100.7,1.68,-3.23,1.68,0.6
25农行二级资本债03B(BC),104.01,2.165,-0.06,2.1662,0.6
24北部湾银行永续债01,102.1,,,,0.6
26黄石城发PPN007,100.03,1.6972,,1.6912,0.6
22丽水城投债01,101.6,2.8467,-0.01,2.8467,0.6
22太原国投MTN003,101.77,1.5982,-0.67,1.5982,0.6
26徽商银行二级资本债01,100.16,1.8719,-0.12,1.8713,0.6
24北部湾投MTN002,100.88,,,,0.6
24津城建MTN006,100.32,1.5002,1.0,1.5002,0.6
26宝应城投PPN004,101.51,2.0735,0.85,2.0735,0.6
24西汇投资PPN002,103.19,1.9099,,1.9099,0.6
26盐城高新PPN002,100.49,1.7448,,1.7448,0.6
26恒丰银行债01,99.99,1.595,1.0,1.596,0.6
23人保集团资本补充债01,102.88,3.521,0.44,3.5208,0.6
26潞安MTN002,100.2,,,,0.6
24邹城资产PPN002,104.45,2.5521,,2.5512,0.6
26湖交投MTN002,100.28,1.7358,,1.7365,0.6
25重庆三峡银行永续债01,102.36,,,,0.6
25恒丰银行债01,100.76,1.5367,-1.33,1.5384,0.6
23日照银行二级资本债01,105.69,3.6166,1.56,3.617,0.6
25南京高科MTN002,100.76,1.75,1.0,1.7514,0.6
25天津轨交MTN004,100.5,1.5557,-2.85,1.5579,0.6
26汉江国资MTN005,100.49,1.864,-0.36,1.864,0.6
26太湖新城MTN009,100.26,2.37,-1.0,2.37,0.6
24临沂城投MTN004,103.01,2.3906,-0.25,2.3906,0.6
25抚州投资MTN002,102.74,1.7986,-2.14,1.7993,0.6
25浙交投MTN005,100.24,1.52,-3.0,1.52,0.6
24甘国投MTN006,100.84,1.5658,-0.42,1.5658,0.6
26华润燃气MTN002,99.83,1.655,-0.5,1.655,0.6
25弗迪租赁ABN001次级(绿色),101.54,,,,0.6
26通顺交投MTN001B,100.0,1.9689,1.89,1.9689,0.6
25兰州银行永续债01,100.25,,,,0.6
26河北债16,103.84,2.28,-0.45,2.2791,0.6
24恒丰银行二级资本债02,101.62,2.0924,-0.52,2.0913,0.6
25唐山控股PPN001,101.59,1.8432,-0.3,1.8401,0.6
21浙江债12,124.44,1.89,-2.52,1.89,0.6
26先正达MTN002(科创债),100.62,,,,0.6
26江苏债23,101.98,2.235,1.0,2.235,0.6
25武清经开MTN003,100.53,1.6401,-1.98,1.6401,0.6
25中行二级资本债01BC,100.79,1.8308,0.13,1.8289,0.6
26华润MTN003B,99.97,1.725,-1.11,1.725,0.6
24徐州新盛MTN009,100.49,1.604,,1.6013,0.6
26宁德时代MTN005A(科创债),99.53,1.6217,-0.69,1.6217,0.6
26港城开发MTN002,100.24,1.825,-0.5,1.825,0.6
26印度尼西亚债01A(BC),99.94,1.92,-1.5,1.9225,0.6
25农业银行三农债02,101.01,1.53,-0.65,1.53,0.6
24云能投MTN013,102.13,1.69,-1.0,1.69,0.6
26昆山高新PPN001,99.79,1.83,8.31,1.83,0.6
22迈瑞城投PPN002,100.27,1.6201,-1.1,1.629,0.6
24浙江债15,106.78,2.0575,1.0,2.0575,0.6
22农发清发04,103.87,1.4625,-0.7,1.4625,0.6
26青岛海控CP003,100.07,1.5401,,1.5401,0.6
26国网租赁SCP004,100.0,1.4709,-2.83,1.4709,0.6
24广州农商行永续债01,102.69,,,,0.6
26平安租赁CP002,99.95,1.57,-0.91,1.57,0.6
26河南债06,104.27,2.28,1.0,2.2792,0.6
24广西路桥MTN001(科创票据),100.65,1.5601,,1.5601,0.6
26深圳资本MTN001,99.79,1.7,2.0,1.7,0.6
26厦门国际银行永续债01,99.98,,,,0.6
24乌高新MTN003,101.72,1.71,-7.0,1.71,0.6
25国信证券CP016,100.0,1.4625,1.07,1.4625,0.6
26雅砻江SCP003,99.98,1.5498,2.0,1.5498,0.6
24农发10,105.44,1.695,0.4,1.695,0.6
26山东海洋SCP001,100.03,1.508,-1.22,1.508,0.6
25农业银行绿色债01,100.61,1.425,0.5,1.425,0.6
26重庆银行CD029,98.54,1.4876,,1.4876,0.6
24鲲鹏投资MTN001B,104.65,2.16,-2.0,2.16,0.6
25和赢蔚能ABN002BC优先A2(科创),103.3,,,,0.6
26深圳地铁SCP003,99.94,1.5515,2.16,1.5515,0.6
23兴业消费金融债01,100.32,1.4726,,1.4726,0.6
26珠海港SCP006,100.01,1.5351,0.51,1.5351,0.6
26招商银行永续债01,100.87,,,,0.6
26广西09,101.92,1.76,0.22,1.7589,0.6
26鲁信MTN005,99.66,1.7182,-0.18,1.7182,0.6
26新海连MTN004,100.11,1.7416,-3.84,1.7416,0.6
24郑州银行绿色债,100.53,1.48,1.0,1.48,0.6
25陕建集团MTN002,97.05,,,,0.6
25四川债73,102.99,2.2376,,2.2376,0.6
26中建投资MTN001,100.35,,,,0.6
25南电CP008,100.02,1.4499,,1.4499,0.6
26诸暨国资MTN001,100.63,1.7997,0.01,1.7997,0.6
24相城城建MTN001,100.45,1.52,1.99,1.52,0.6
26四川债17,101.95,1.7666,-0.84,1.7666,0.6
25尚诚消费金融债01,100.58,1.6,,1.5942,0.6
24湖州高新PPN001,100.46,2.6162,0.67,2.6162,0.6
26浙资运营MTN002(科创债/并购),99.91,1.77,-1.0,1.77,0.6
21新余专项债01,102.67,1.64,,1.64,0.6
23荆门城投PPN001,100.84,2.0252,0.08,2.0252,0.6
26临沂投资MTN004,100.36,2.1616,0.16,2.1616,0.6
25怀化城投MTN001,102.96,2.005,-25.5,2.0057,0.6
24农谷实业PPN002,102.78,1.98,8.0,1.912,0.6
25川投能源MTN002,100.51,1.59,-1.5,1.59,0.6
26江宁经开MTN002,100.56,1.8262,-2.38,1.8262,0.6
23嘉高新债01,103.57,2.9534,0.11,2.9534,0.6
26桐庐国运MTN002,101.11,1.9257,-7.43,1.9257,0.6
23云南债13,105.05,1.375,,1.375,0.6
26湖北债25,102.04,1.7666,-0.09,1.7666,0.6
20山东债15,128.98,2.15,,2.15,0.6
25浦发银行CD273,98.37,1.4504,0.03,1.4504,0.6
24恒丰银行二级资本债01,103.1,2.534,1.0,2.534,0.6
26浙江54,101.99,2.2775,0.97,2.2775,0.6
23顺德农商永续债01,104.06,,,,0.56
22建行二级资本债02A,101.69,2.6973,0.08,2.697,0.55
24通泰MTN001,101.56,2.1324,-0.91,1.986,0.52
24四川债48,104.5,1.6152,1.35,1.6152,0.5
26国开清发04,101.6,1.67,1.0,1.67,0.5
24上海债25,104.63,1.6,,1.6,0.5
26招商公路MTN002,99.84,1.605,8.5,1.605,0.5
23湖南138,103.13,1.2723,0.73,1.2723,0.5
25山东债26,102.39,1.88,0.5,1.88,0.5
24浙江债49,105.54,1.8135,0.89,1.8135,0.5
24福建债34,105.42,1.8433,,1.8433,0.5
22广东债08,117.54,1.9525,1.06,1.9525,0.5
23天津债95,110.29,1.57,0.92,1.57,0.5
23天津90,109.99,1.57,,1.57,0.5
21湖南债140,118.72,1.97,1.0,1.97,0.5
24福建债24,104.28,1.6104,,1.6104,0.5
25河南债90,101.92,1.5681,,1.5681,0.5
25江苏43,102.05,1.54,0.25,1.54,0.5
25徐工集团MTN009(科创债),100.03,1.61,-1.0,1.61,0.5
24晋能电力MTN007,101.9,1.74,1.0,1.74,0.5
26北控MTN001A,100.17,1.68,1.0,1.68,0.5
24江西债51,104.73,1.585,,1.585,0.5
26远东租赁SCP002,100.0,1.4809,,1.4809,0.5
24云南04,104.18,1.441,,1.441,0.5
24辽宁债07,104.2,1.441,0.94,1.441,0.5
26山西债33,101.46,2.055,0.88,2.055,0.5
24浦发银行二级资本债02A,101.49,1.9517,0.12,1.9517,0.5
26国元证券CP002,100.03,1.4801,,1.4801,0.5
26冀中能源MTN016B,99.86,2.2982,-0.18,2.2993,0.5
25宝武集团MTN001,100.88,1.685,1.0,1.685,0.5
25云南债49,100.4,1.394,-0.35,1.394,0.5
26中国物流MTN002,100.14,1.68,-4.0,1.68,0.5
26安徽债85,99.84,2.0525,0.62,2.0525,0.5
26中交投SCP002,99.97,1.5001,1.0,1.5001,0.5
26广西29,99.92,1.7685,-0.15,1.7685,0.5
26中核租赁SCP004(绿色),99.92,1.5399,0.99,1.5399,0.5
23四川债59,113.29,2.065,2.2,2.065,0.5
23四川债07,115.95,2.0375,1.23,2.0375,0.5
26淮河能源MTN005,100.66,1.7802,-1.99,1.7802,0.5
19黑龙江债03,105.35,1.22,,1.22,0.5
24兰州银行二级资本债01,101.39,2.3917,-0.57,2.3912,0.5
26夏商SCP018,100.0,1.5201,,1.5201,0.5
25天目湖MTN001,100.61,1.7076,,1.7076,0.5
26顺德农商行债02,99.95,1.5975,1.0,1.5975,0.5
21宁波债24,119.13,1.9636,,1.9636,0.5
26苏州公交MTN002,100.03,1.74,0.1,1.74,0.5
25深投控MTN002A,100.27,1.6,-0.5,1.6,0.5
26水发集团MTN001,101.38,2.04,-6.0,2.0391,0.5
23麓谷发展MTN001,100.12,1.67,-3.58,1.67,0.5
26夏商SCP022,99.99,1.52,-0.03,1.52,0.5
26青岛海控MTN002,100.0,1.7994,1.0,1.7994,0.5
23交行债02,100.04,1.5488,-1.06,1.5488,0.5
26浩吉铁路SCP004(乡村振兴),99.96,1.495,-3.5,1.495,0.5
26浩吉铁路MTN002(绿色),99.63,1.69,1.0,1.69,0.5
25交行TLAC非资本债03A(BC),100.63,1.7224,0.36,1.7227,0.5
25鄂能源MTN002,100.59,1.63,-1.0,1.634,0.5
23中建四局MTN001(科创票据),100.39,,,,0.5
26安徽债32,102.72,2.2475,-0.75,2.2475,0.5
26津城建MTN005,101.43,1.92,-8.07,1.92,0.5
25瑞海投资PPN001,101.26,1.64,,1.64,0.5
26岳阳城运MTN002,100.87,1.9892,,1.9892,0.5
25光大银行债02,100.31,1.505,1.0,1.505,0.5
26首钢股份SCP001,99.99,1.4896,0.99,1.4896,0.5
21浙江债67,120.66,1.9275,-1.65,1.9275,0.5
26金桥集团MTN001,100.3,1.8111,-0.51,1.8134,0.5
23四川42,105.04,1.37,,1.37,0.5
26大唐租赁SCP005,99.98,1.5,1.0,1.5,0.5
26三峡SCP006,99.97,1.475,1.5,1.475,0.5
22工商银行二级03,101.16,3.2678,0.09,3.2678,0.5
23天津89,110.02,1.5666,2.93,1.5666,0.5
24长春轨交MTN001B,102.8,1.81,-1.0,1.81,0.5
22国新控股MTN004(能源保供特别债),101.44,1.52,-1.0,1.52,0.5
23天津债96,110.29,1.57,3.14,1.57,0.5
26京基投SCP001,99.98,1.4851,0.51,1.4851,0.5
26苏州银行01,99.92,1.5975,1.0,1.5975,0.5
26北京债44,100.01,1.488,0.12,1.488,0.5
26苏美达SCP001,99.97,1.5102,1.0,1.5102,0.5
23光大银行债03,100.23,1.3703,1.04,1.3703,0.5
24上海银行二级资本债01,101.38,1.9599,-0.19,1.9599,0.5
20附息国债04,123.11,2.135,1.1,2.135,0.5
21附息国债13,103.73,1.095,1.0,1.095,0.5
26延安新投MTN001,100.0,2.2098,1.0,2.2098,0.5
26福建债05,104.54,2.2778,0.48,2.2779,0.5
19河南13,115.27,1.53,0.06,1.53,0.5
25甘公投MTN003,100.92,1.69,-1.0,1.69,0.5
19工商银行二级02,107.12,3.4187,0.16,3.4187,0.5
26中建二局SCP004,99.96,1.4999,-0.52,1.4999,0.5
25中信银行CD345,98.37,1.4398,0.01,1.4398,0.5
23中电投MTN045,100.2,1.4698,1.0,1.4698,0.5
26陕西金控MTN001(科创债),100.86,1.72,1.0,1.72,0.5
24邯郸交投PPN005,102.74,1.8355,-1.97,1.8355,0.5
25十堰聚鑫PPN001,100.93,1.97,,1.97,0.5
25恒丰银行二级资本债01,101.88,2.1216,0.11,2.1216,0.5
26长飞光纤MTN001(科创债),100.0,1.7796,-0.04,1.7796,0.5
25柯桥开发MTN001,100.84,1.61,-1.0,1.61,0.5
26绍兴银行CD029,98.51,1.5201,,1.5201,0.5
26宁波经开PPN001,99.72,1.7999,7.3,1.7999,0.5
26广西债24,100.14,1.6175,0.42,1.6175,0.5
22内蒙古债01,107.66,1.4806,,1.4806,0.5
26江苏债09,103.89,2.2775,0.75,2.2765,0.5
26粤铁建MTN004,99.77,1.68,-1.0,1.68,0.5
26张家港农村商业银行CD010,99.64,1.4545,1.0,1.4545,0.5
23晋能煤业MTN012,100.49,1.5101,1.0,1.5101,0.5
26中信银行CD077,98.89,1.4351,-0.34,1.4351,0.5
26辽宁债08,102.27,1.7683,-0.57,1.7683,0.5
20厦门债08,114.57,1.6387,,1.6387,0.5
24京国资MTN007,100.66,1.54,-1.0,1.54,0.5
26上饶投资PPN002,99.92,1.85,10.0,1.85,0.5
26黑龙江债06,101.32,1.769,-1.1,1.769,0.5
26遂宁银行CD018,98.16,1.8755,,1.8755,0.5
24宣城国资MTN003,100.53,1.54,,1.54,0.5
26国新保理SCP007,99.98,1.55,1.0,1.55,0.5
26泉州交通MTN003,100.02,1.785,-0.45,1.785,0.5
23江西债28,109.11,1.4995,2.43,1.4995,0.5
26中远海发MTN003(转型),99.96,2.0941,1.41,2.0941,0.5
20国开20,124.18,1.9025,0.25,1.9025,0.5
24江西债26,110.08,2.155,,2.155,0.5
23江西债66,117.21,2.155,,2.155,0.5
21安徽债04,109.22,1.3974,,1.3974,0.5
26楚天智能SCP008,100.0,1.4998,-0.02,1.4998,0.5
26安徽债55,100.22,1.6145,1.0,1.6145,0.5
24中铁一局ABN001优先(科创票据),100.6,,,,0.5
26贴现国债46,99.73,1.1603,-1.38,1.1603,0.5
26广州地铁SCP002,100.0,1.5188,1.86,1.5188,0.5
24江西交投MTN009,101.85,1.6455,-0.45,1.6455,0.5
26山东债67,102.96,2.2725,-0.25,2.2725,0.5
24两江产业MTN002(科创票据),101.84,1.6744,0.44,1.6744,0.5
24浙江03,104.32,1.414,-0.6,1.414,0.5
25四川债20,101.87,2.1275,0.5,2.1275,0.5
21湖北债03,109.12,1.399,6.53,1.399,0.5
21陕西债02,108.23,1.4333,,1.4333,0.5
13附息国债16,121.67,1.06,1.0,1.06,0.5
26远东租赁SCP004,100.0,1.4799,,1.4799,0.5
26东航SCP001,100.0,1.4529,-0.73,1.4529,0.5
25光大银行CD268,98.41,1.4351,-0.25,1.4351,0.5
26重庆债46,99.73,2.2825,1.35,2.2825,0.5
24广州控股MTN002B,102.02,,,,0.5
25电网CP004,100.01,1.4298,1.0,1.4298,0.5
26上海农商银行CD002,99.24,1.3779,-0.4,1.3779,0.5
24西安浐灞MTN001,102.41,3.05,-10.0,3.0695,0.5
24南京地铁MTN005,100.57,1.54,1.0,1.54,0.5
26浙江泰隆商行CD003,98.52,1.48,-1.51,1.48,0.5
26宁波21,102.67,2.276,,2.276,0.5
26江西债09,104.1,2.278,0.05,2.2779,0.5
24山东债33,103.24,1.456,0.95,1.456,0.5
26巨石SCP004,100.0,1.4794,1.8,1.4794,0.5
20铁道07,108.45,1.544,,1.544,0.5
26中石化MTN002(科创债),100.45,1.7012,0.12,1.7012,0.5
26衢州工业PPN002,100.8,1.91,-6.62,1.91,0.5
25苏州高新MTN002,101.07,,,,0.5
26湖州城投MTN008,100.05,1.83,1.0,1.83,0.5
21农发30,134.63,2.11,0.5,2.11,0.5
22杭州银行二级资本债01,101.69,2.8414,0.15,2.8414,0.5
23四川债35,108.26,1.51,,1.51,0.5
24陕建集团MTN004(科创票据),95.78,8.0,,8.0,0.5
26富滇银行债01,99.97,1.66,0.5,1.66,0.5
26新华报业SCP004,99.96,1.5099,1.0,1.5099,0.5
25厦国贸控MTN002,101.45,,,,0.5
19浙江债17,106.29,1.1975,-4.25,1.1975,0.5
25安徽债96,101.42,2.2275,-2.25,2.2275,0.5
26三门峡MTN004,100.0,1.8099,-0.01,1.8099,0.5
21四川52,117.83,1.6698,1.0,1.6698,0.5
26澄瑞ABN006优先,99.95,,,,0.5
25江西债71,102.48,1.7651,-0.24,1.7651,0.5
26湖南债11,104.51,2.279,0.4,2.279,0.5
26国开绿债01清发,100.47,1.3,-1.43,1.3,0.5
21江苏29,116.06,1.655,,1.655,0.5
26晋江国资MTN003,100.0,1.6899,-1.84,1.6997,0.5
26山东金融SCP004,99.94,1.52,-1.0,1.52,0.5
26杭州联合银行CD077,98.9,1.49,,1.49,0.5
26浙江绍兴瑞丰农商银行CD041,99.63,1.475,,1.475,0.5
26国电CP006,99.92,1.515,1.0,1.515,0.5
26皖能股SCP003,100.0,1.4474,0.64,1.4474,0.5
26中粮SCP006,100.0,1.4389,1.01,1.4389,0.5
24招商银行三农债,100.47,1.4501,0.01,1.4501,0.5
21内蒙古债39,100.45,0.92,,0.92,0.5
16云南债17,100.39,0.92,13.98,0.92,0.5
24农发清发07,103.55,1.5387,-0.58,1.5387,0.5
22云南债27,101.52,0.95,,0.95,0.5
24进出22,100.05,1.21,-1.51,1.21,0.5
25华电MTN003A,100.75,,,,0.5
26南航股SCP007,100.0,1.4333,-2.93,1.4333,0.5
26华电股SCP002,99.96,1.4702,-1.97,1.4702,0.5
26四川25,103.94,2.23,-0.6,2.23,0.5
23广东债47,114.67,2.03,0.4,2.03,0.5
26光谷金控MTN004(科创债),100.2,1.72,,1.72,0.5
24宁河西PPN001,101.05,1.56,-0.5,1.56,0.5
24福建债36,104.59,1.5953,1.0,1.5953,0.5
23进出口行二级资本债01,102.65,2.6916,1.48,2.6916,0.5
24上海06,105.49,1.5565,1.0,1.5565,0.5
22安徽债55,104.48,1.3,,1.3,0.5
26湖北35,102.42,2.22,-0.75,2.22,0.5
26电网SCP018,99.97,1.52,-0.98,1.52,0.5
25奔驰财务MTN001BC,100.38,1.61,-3.5,1.61,0.5
25农行二级资本债01A(BC),100.77,1.8333,0.24,1.8333,0.5
25江苏债42,101.51,1.455,-0.25,1.455,0.5
22农发09,100.74,1.33,0.5,1.33,0.5
26江苏江南农村商业银行CD010,99.27,1.4445,-0.05,1.4445,0.5
26四川债11,103.41,2.28,0.7,2.28,0.5
25湖南70,101.83,1.7534,1.0,1.7534,0.5
26南京医药SCP002,100.01,1.5,1.0,1.5,0.5
26农业银行CD059,99.28,1.4355,-0.44,1.4355,0.5
26交通银行CD159,98.91,1.4724,-0.25,1.4724,0.5
26浙江债41,100.01,1.4873,0.05,1.4873,0.5
26建设银行CD153,98.04,2.1469,-0.14,2.1469,0.5
24中铝集MTN004,102.61,1.98,-5.0,1.98,0.5
26沪港务MTN011,99.46,2.04,-1.0,2.04,0.5
26建设银行CD135,98.05,2.1931,-0.14,2.1931,0.5
25浙交投MTN004,100.29,1.6,-1.0,1.6,0.5
24河南债22,103.79,1.445,0.13,1.445,0.5
26渤海银行CD313,98.9,1.485,1.0,1.485,0.5
26国开清发09,99.97,1.665,-0.5,1.665,0.5
23江南农商三农债,100.17,1.3901,1.0,1.3901,0.5
22四川债80,117.23,2.0,,2.0,0.5
25兴城人居MTN001,100.99,2.0975,-0.51,2.0975,0.5
26泸州窖MTN002,99.89,1.6,-1.5,1.6,0.5
26哈尔滨银行CD125,99.62,1.4503,-0.85,1.4503,0.5
23广东债66,113.82,2.0325,0.25,2.0325,0.5
25建行科创债01A(BC),100.28,1.4833,-0.6,1.4833,0.5
25兴业银行科创债01,100.27,1.4904,-0.61,1.4904,0.5
25工行科创债01BC,100.26,1.4916,1.22,1.4916,0.5
25国开科创01清发,99.9,1.4093,-0.61,1.4093,0.5
26中交三航MTN005(科创债),100.79,,,,0.48
25桂交投MTN001A,100.53,1.5581,,1.5581,0.48
24徐州新盛MTN006,101.76,,,,0.46
26建湖城投PPN002,99.76,2.0677,11.77,2.067,0.45
24宜昌城发PPN002,103.31,1.75,1.0,1.75,0.45
21青山湖科MTN001,100.18,1.5101,,1.5101,0.44
24山东债25,104.09,1.4156,0.36,1.4156,0.4
24广东债70,104.69,1.5909,2.25,1.5909,0.4
23昆山国创MTN001,100.39,1.5249,0.23,1.5249,0.4
25农行TLAC非资本债01C(BC),100.84,1.9648,-2.81,1.9693,0.4
19新疆债15,123.47,1.815,,1.815,0.4
24福建债30,104.13,1.618,,1.618,0.4
24交行债03BC,100.73,1.4775,-0.25,1.4794,0.4
24越秀集团MTN005B,102.96,2.58,,2.58,0.4
25北京银行永续债01,101.24,1.75,-0.5,1.75,0.4
26中国铜业MTN005,99.58,1.78,2.0,1.78,0.4
26攀钢集SCP001,99.97,1.5299,1.0,1.5299,0.4
26越秀产投MTN001(科创债),99.93,1.895,-1.39,1.895,0.4
24泰州城建MTN001,100.5,1.51,,1.51,0.4
24沛县城投PPN002,100.78,1.6077,-1.59,1.6038,0.4
25济南高新MTN001,101.47,1.8,,1.8,0.4
24广西路桥MTN003(科创票据),100.63,1.58,,1.58,0.4
26新兴际华MTN001,100.08,,,,0.4
25电建地产MTN004,100.64,2.2097,-5.22,2.2085,0.4
26华友钴业MTN002(科创债),100.73,2.0737,-1.63,2.0719,0.4
25湖南07,99.58,2.1272,-0.28,2.1274,0.4
22农业银行二级01,101.48,3.1631,1.0,3.1644,0.4
24山西建投MTN006,100.97,,,,0.4
24建行TLAC非资本债01A,100.45,1.7593,-0.11,1.7619,0.4
26沪港务MTN007,99.9,1.7225,-1.71,1.7222,0.4
26湖州城投MTN006,100.08,,,,0.4
25湖北路桥MTN001(科创票据),101.75,1.84,-14.0,1.8415,0.4
24浙江交工MTN001,100.72,,,,0.4
24首创集MTN006,100.62,,,,0.4
24水利十四MTN001,100.65,,,,0.4
24山西建投MTN001,104.77,1.78,-7.0,1.78,0.4
26武金控SCP004,100.01,1.5651,-0.48,1.5651,0.4
24鲁银投资MTN001(科创票据),100.51,1.9672,0.64,1.9672,0.4
25长寿开投PPN001A,104.84,1.9585,,1.9593,0.4
25大唐租赁MTN002A(绿色),100.25,1.5449,,1.5449,0.4
25中金集MTN002(科创票据),100.75,,,,0.4
24中国通用MTN002,100.57,1.532,0.42,1.532,0.4
23临港经济MTN003,100.35,,,,0.4
24三门峡MTN001,103.14,2.0203,12.03,2.0202,0.4
26高淳国资MTN001,100.0,,,,0.4
25京投发展MTN002,100.8,1.73,1.0,1.73,0.4
26南京浦口MTN006,100.0,,,,0.4
25乌江水电MTN004,101.04,,,,0.4
22温港城债,100.27,1.6055,0.54,1.6055,0.4
25黄石新投PPN001,101.42,1.9376,-0.24,1.94,0.4
25象屿MTN004,101.47,1.835,-4.87,1.8375,0.4
25常德城投PPN003,102.37,1.87,-0.22,1.865,0.4
26华友钴业MTN007(科创债),99.96,2.2,1.0,2.19,0.4
26扬州建工PPN002,100.13,1.7647,2.46,1.7647,0.4
26广西路桥MTN005,99.76,1.91,,1.91,0.4
24洛阳城投PPN001,100.53,1.6699,-1.26,1.6755,0.4
24淮北建投MTN003,100.59,1.55,-2.0,1.55,0.4
25徽银金租绿色债01,100.34,1.5431,-0.04,1.5431,0.4
24如皋城发MTN001,102.28,1.7395,,1.7395,0.4
25徽商银行二级资本债01,102.28,2.1054,0.34,2.1054,0.4
24鼎力投资MTN001,106.68,1.9443,,1.9443,0.4
22岳阳建投MTN001,101.9,1.5468,-0.32,1.5468,0.4
25成都香城MTN002,101.13,2.094,,2.0926,0.4
26南京交建ABN001优先(科创),99.37,,,,0.4
23苏州银行二级01,103.91,2.7856,-0.2,2.7856,0.4
26绍滨控股MTN003,100.0,1.73,1.0,1.73,0.4
24悦达MTN007,101.1,1.6859,-4.41,1.688,0.4
25川华西MTN002,100.42,1.78,-0.22,1.78,0.4
26江北新区MTN008,100.0,,,,0.4
25光大集团MTN008,100.53,1.63,1.0,1.63,0.4
26眉山投控PPN001,100.0,1.8706,4.3,1.8702,0.4
22中广核MTN001,101.43,1.515,-1.5,1.515,0.4
26泰兴城投MTN002,100.76,1.7021,-0.79,1.7004,0.4
26太湖新城MTN008,100.26,2.37,-3.0,2.3727,0.4
23徽商银行小微债01,100.25,1.41,1.0,1.41,0.4
26宿迁新城SCP002,100.03,1.5197,,1.5197,0.4
24海晟控股PPN002,100.52,1.6035,,1.6035,0.4
24建湖城投PPN003,100.61,1.6601,,1.6643,0.4
24中南勘测MTN001(科创票据),100.49,,,,0.4
26苏州高新MTN008,99.68,1.7,-2.7,1.7,0.4
25鲁高速MTN002,101.19,,,,0.4
23舟山海洋MTN001,100.22,1.5203,1.01,1.5203,0.4
24进出口行二级资本债01A,101.9,1.9758,0.39,1.9758,0.4
26浙江52,101.99,2.2775,-0.25,2.2775,0.4
23附息国债06,105.38,1.23,-0.5,1.23,0.4
24湖南能源MTN002,100.54,,,,0.4
24北辰科技MTN005B,101.41,1.6359,-7.41,1.638,0.4
26天山材料MTN002(科创债),100.43,1.69,-2.0,1.69,0.4
25石交投集MTN001A,100.52,1.6063,-1.37,1.6082,0.4
26成都开投PPN001,100.96,2.1406,-1.04,2.1404,0.4
26张江高科MTN001,100.18,1.7076,-1.63,1.7094,0.4
24四川债32,103.63,1.4462,,1.4462,0.4
26湖南建设MTN001,100.62,2.0,-11.06,2.0,0.4
24续作特别国债01,104.69,1.5425,1.0,1.5425,0.4
24云能投MTN022,100.12,1.4879,1.0,1.4879,0.4
26厦门信息MTN001,99.83,1.75,-6.0,1.75,0.4
23津城建MTN017,100.17,1.5503,,1.5503,0.4
26锡产业SCP013,99.99,1.52,1.0,1.52,0.4
24合川城投PPN001B,103.85,1.77,-3.66,1.771,0.4
26首创城发MTN001,101.22,2.676,,2.6745,0.4
24中铝集MTN006,100.73,1.3994,-14.56,1.3984,0.4
23湔江投资MTN001,100.32,2.02,35.8,2.02,0.4
21中国银行二级02,111.24,3.0029,-0.22,3.0036,0.4
25农发03,99.9,1.3975,1.0,1.3981,0.4
25楚天智能MTN001,100.49,1.57,,1.57,0.4
25皖国资MTN001(科创债/可持续挂钩),101.95,2.17,-2.95,2.17,0.4
26电网MTN021,101.31,2.2575,1.0,2.2556,0.4
20晋建专项债02,109.66,2.03,-2.16,2.03,0.4
25徐州产业MTN005,100.62,1.64,,1.64,0.4
24广西旅发MTN006,102.19,2.1002,-0.08,2.0981,0.4
26重庆发展MTN001,101.92,2.17,1.0,2.17,0.4
25阳泰实业MTN001A,101.62,2.4916,3.51,2.4919,0.4
24宿州城投MTN001,100.72,1.5861,-3.39,1.5881,0.4
26中铝集SCP002,100.0,1.4514,2.14,1.4514,0.4
26电网MTN012,100.32,2.0325,-0.25,2.0313,0.4
26昭通高速PPN001,101.09,2.5079,3.89,2.509,0.4
24嘉兴产业MTN002,101.98,1.7,-3.0,1.7009,0.4
25淮南经发PPN003,100.09,1.6699,0.99,1.6634,0.4
26科伦SCP002(科创债),100.01,1.5002,,1.5002,0.4
25陕煤化MTN003,100.97,,,,0.4
26电网MTN026,99.55,2.04,0.54,2.04,0.4
24邯郸建投MTN001,100.59,2.8837,,2.8848,0.4
25重庆物流MTN001A,100.96,1.7535,-0.38,1.7535,0.4
25兴业银行永续债01BC,101.22,,,,0.4
26首开MTN008A,99.85,2.7935,-0.01,2.7935,0.4
25路桥公投MTN004,100.74,1.9017,-0.11,1.9017,0.4
25华润控股MTN005A,100.07,1.7,1.0,1.698,0.4
24西安高科MTN001,102.1,2.06,-36.01,2.062,0.4
26鼓风机MTN002(科创债),100.11,1.72,0.5,1.7225,0.4
25银川通联MTN002,101.44,1.78,0.31,1.7785,0.4
24金隅MTN002,102.59,2.2242,-1.08,2.2242,0.4
26华夏金租债03,99.85,1.6825,0.25,1.6825,0.4
26福建海峡银行CD099,98.89,1.5,,1.5,0.4
25水发集团MTN014,101.56,2.3997,-2.55,2.4001,0.4
26广西债17,102.02,2.25,-1.0,2.25,0.4
26江宁经开MTN001,100.75,1.81,-0.5,1.8095,0.4
26沪港务MTN010,99.4,2.0475,0.75,2.0475,0.4
24浙商银行小微债01,100.49,1.46,-0.5,1.46,0.4
24云能投GN001,104.54,2.06,,2.0595,0.4
25中铝集MTN005(科创债),100.36,1.63,-0.5,1.6318,0.4
20山西债11,120.36,1.876,,1.876,0.4
26安徽债51,102.96,2.2825,1.0,2.28,0.4
24中石油MTN002,103.47,1.9089,-1.11,1.9095,0.4
22淮南建发MTN002,100.6,1.5554,-1.45,1.5554,0.4
25京国资MTN010,100.24,1.59,,1.59,0.4
22嘉兴现代MTN001,102.58,1.57,0.03,1.57,0.4
26成都经开PPN002,102.88,2.0011,-6.03,2.0,0.4
24江津园区MTN001,100.87,1.62,-1.0,1.62,0.4
25漯河投资PPN001,101.32,1.74,-7.0,1.7417,0.4
18首旅债01,100.63,1.55,1.0,1.55,0.4
23如皋经贸MTN002,100.25,1.5498,,1.5498,0.4
23南航股MTN001,100.16,1.4701,-0.02,1.4701,0.4
22四川债70,104.36,1.3112,,1.3112,0.4
22四川债67,104.36,1.3112,,1.3112,0.4
26河北债54,100.28,2.2425,1.0,2.2425,0.4
25苏交通MTN005,100.5,1.69,-2.5,1.69,0.4
26东莞实业SCP002,99.94,1.545,0.51,1.545,0.4
26象屿股份MTN003,100.13,,,,0.4
26苏高科MTN001,100.75,1.73,3.0,1.73,0.4
26平安租赁CP003,99.94,1.57,-0.92,1.57,0.4
26邢台路桥PPN001,102.51,2.29,-6.93,2.29,0.4
25兴业银行绿色债02,100.31,1.4775,1.0,1.4789,0.4
24济宁城投MTN003B,104.45,1.75,-1.0,1.751,0.4
22京能洁能MTN001,101.57,1.4023,-0.77,1.4014,0.4
24金港MTN003,101.87,1.708,,1.708,0.4
24株洲城建MTN003,102.18,1.7262,-3.79,1.7262,0.4
23吉安城投MTN001,100.26,1.5398,0.97,1.5398,0.4
26镇江城投MTN002,100.56,1.8564,,1.8564,0.4
26北部湾银行01,100.0,1.651,-0.4,1.651,0.4
26基石租赁MTN002,100.33,1.85,-2.0,1.855,0.4
22长春轨交PPN002,100.64,1.68,3.0,1.68,0.4
19浙江债02,104.96,1.265,,1.265,0.4
25中铁投资MTN002,100.31,1.69,,1.69,0.4
23冀建投MTN001A,100.03,1.6099,,1.6099,0.4
25晋能煤业MTN013,100.8,1.67,-3.0,1.6725,0.4
26南京医药MTN001,100.13,1.72,-2.0,1.72,0.4
24中原银行小微债01,100.58,1.5271,1.71,1.5271,0.4
18国开10,104.63,1.4278,0.28,1.4281,0.4
26深能源SCP002,99.91,1.5198,-1.02,1.5198,0.4
26苏国信SCP009,99.93,1.5112,0.12,1.5112,0.4
26临桂城投MTN001,100.63,2.21,10.2,2.21,0.4
22鲁能源MTN005,101.97,1.54,1.0,1.54,0.4
26河南债47,102.8,2.28,0.5,2.28,0.4
23建发集MTN004,103.53,1.91,0.25,1.91,0.4
26象屿MTN004,99.82,2.52,14.62,2.5195,0.4
25滨建投MTN004,100.72,2.0815,25.6,2.0808,0.4
25北部湾银行,100.71,1.5667,-2.33,1.57,0.4
25宜昌城发PPN001,101.93,1.8094,-2.79,1.8105,0.4
25中石化MTN002,100.15,1.94,-1.0,1.94,0.4
23重庆农商行债01,100.03,1.3495,2.93,1.3495,0.4
24兆润投资MTN003,100.79,1.4,-14.0,1.4011,0.4
24中兴国资MTN002,100.83,1.43,-12.76,1.4316,0.4
26川水电SCP002,100.0,1.4897,,1.4897,0.4
23攀国投PPN001,100.5,5.7311,-1.66,5.6674,0.4
26海宁皮革SCP002,100.02,1.5301,1.02,1.5301,0.4
26平安租赁MTN014,100.01,1.71,-1.0,1.71,0.4
26海尔金盈MTN002,100.38,1.7536,-7.26,1.7536,0.4
26中信建投CP012,100.02,1.49,1.0,1.49,0.4
25南投集团MTN001,100.91,1.6946,-1.04,1.6946,0.4
24交行永续债01BC,101.81,,,,0.4
26东航股SCP001,100.0,1.466,0.61,1.466,0.4
26安徽20,104.2,2.2431,1.81,2.2431,0.4
25南电MTN017,101.38,1.67,-3.11,1.6707,0.4
26淄博财金PPN002,99.01,2.4756,-0.18,2.4767,0.4
24即墨旅投MTN003,101.42,2.5571,,2.5571,0.4
25湘建工MTN005(科创债),100.69,,,,0.4
26金开新能GN001(碳中和债),100.37,1.75,1.0,1.75,0.4
24徐州经开MTN002,100.48,1.54,-1.0,1.54,0.4
26滨江实业PPN002,101.15,1.955,-0.23,1.9563,0.4
26惠山国投MTN003,100.23,1.83,-0.89,1.8306,0.4
25中银证券CP004,100.05,1.4701,1.0,1.4701,0.4
22建行二级资本债02B,108.55,2.4545,-1.91,2.4553,0.4
25保利发展MTN004B,99.13,2.3898,0.98,2.3898,0.4
26京城投MTN001,100.44,1.9832,0.32,1.9832,0.4
26蚌埠国资PPN001,100.17,1.74,-1.89,1.74,0.4
26中信银行绿债01BC,99.95,1.5475,1.0,1.5475,0.4
21张家口银行永续债,100.38,,,,0.4
26萧山国资MTN001,101.04,1.77,,1.7675,0.4
25湖北债36,100.53,2.0956,-4.44,2.0956,0.4
24昆山国创PPN002,100.59,1.5501,1.0,1.5501,0.4
25驻马店投MTN002,101.06,1.7,,1.7,0.4
25蓝星MTN005,100.62,,,,0.4
26济南城建MTN001,100.07,1.785,-1.5,1.785,0.4
26陕西债44,100.0,1.76,1.0,1.76,0.4
22农行永续债02,101.61,,,,0.4
24兴盛建设MTN002,100.89,1.6099,,1.6099,0.4
25河北债14,100.85,2.15,-0.1,2.15,0.4
23海峡银行小微债03,100.3,1.4302,,1.4302,0.4
24临沂投资PPN002,102.56,2.05,-4.33,2.05,0.4
24江苏银行永续债02,101.66,1.7,-1.0,1.7,0.4
26深燃气MTN001,100.0,2.09,-0.5,2.09,0.4
21建设银行二级06,109.59,2.6584,-5.37,2.6584,0.4
25武汉城建MTN006,101.17,1.745,,1.7425,0.4
24威宁投资MTN009,100.68,1.65,1.0,1.65,0.4
26珠海正方MTN002,100.08,2.13,1.22,2.1225,0.4
26青岛地铁MTN004A,100.07,,,,0.4
26临平开投PPN002,100.86,1.85,,1.85,0.4
26驻马店投MTN003,100.46,2.0502,-3.98,2.0502,0.4
26一汽租赁CP003,99.93,1.51,1.01,1.51,0.4
23赣州城投PPN002,100.43,1.6429,-1.85,1.64,0.4
24长春轨交MTN001A,100.6,1.61,-0.49,1.6001,0.4
24国电MTN003,100.52,1.53,13.8,1.53,0.4
24中石集MTN002,101.03,1.6325,-0.75,1.6325,0.4
25鄂联投MTN005A,100.6,1.66,-1.0,1.66,0.4
26黄冈城投MTN001,100.44,1.9307,-3.85,1.9306,0.4
24徽商银行永续债01,102.46,,,,0.4
24鲁能源MTN004,100.7,,,,0.4
26河南债30,103.86,2.28,1.0,2.2791,0.4
24津保投MTN007,101.04,1.656,-4.4,1.658,0.4
21成都经开MTN003,100.05,1.5291,-4.07,1.5291,0.4
26东航MTN001,99.92,1.65,,1.651,0.4
26龙岩交通MTN001,100.93,1.8863,-0.37,1.8863,0.4
26内蒙古21,99.74,2.09,2.0,2.0925,0.4
26海南债14,104.3,2.3025,-2.75,2.3025,0.4
23附息国债28,104.99,1.335,-0.25,1.3354,0.4
26湖北债23,103.67,2.21,1.0,2.21,0.4
26贵州债14,102.07,2.25,-0.25,2.25,0.4
26渝惠通CP002,100.0,1.55,,1.55,0.4
26农业银行CD040,98.01,2.4533,-0.2,2.4533,0.4
26广东债04,103.13,2.23,0.1,2.23,0.4
25南电MTN006,101.73,1.96,-1.0,1.96,0.4
24晋江城投MTN001,101.93,1.71,1.0,1.71,0.4
24晋能电力MTN008,102.92,1.73,1.0,1.73,0.4
25汇金MTN004,100.31,1.575,1.0,1.5713,0.4
26河南债67,100.03,2.2785,0.75,2.2785,0.4
26云南23,100.13,1.775,,1.775,0.4
21农发10,108.61,1.544,0.42,1.541,0.394
24嘉兴银行二级资本债01,102.35,2.2146,-0.04,2.2146,0.34
24南通保障PPN001,100.54,1.573,-0.17,1.573,0.34
24中电投MTN028,100.86,,,,0.34
24中建三局MTN001,100.55,,,,0.34
24陕西金控MTN001A,100.57,1.5313,,1.5313,0.34
25招商平安MTN002B,100.51,,,,0.33
26启达ABN004优先A,100.0,,,,0.33
25新兴际华MTN001,100.55,,,,0.32
24株国投MTN009A,100.82,1.6236,0.48,1.6236,0.32
24招商蛇口MTN002,100.5,1.645,-1.5,1.645,0.3
26中国信科MTN001(科创债/并购),99.91,1.626,-0.4,1.626,0.3
25农行TLAC非资本债01A(BC),100.5,1.6453,0.55,1.6453,0.3
25宁波债08,100.71,1.87,-0.1,1.87,0.3
24晋交投MTN005,102.8,1.73,1.0,1.73,0.3
13附息国债25,149.24,1.7325,0.39,1.7325,0.3
26东莞银行二级资本债02,100.3,1.9164,-1.29,1.9164,0.3
26华阳新材MTN004,100.2,1.72,,1.7113,0.3
24山东高速ABN001优先,100.97,,,,0.3
26中交租赁SCP005,99.96,1.5201,0.02,1.5201,0.3
24深圳租赁MTN002A,100.73,1.68,-4.01,1.68,0.3
26越秀集团MTN005,100.0,2.3499,1.0,2.3502,0.3
26电网MTN007,100.66,1.7425,1.0,1.7425,0.3
22华夏银行二级资本债01,101.48,2.8258,0.29,2.8258,0.3
26青岛国信MTN008B,100.0,2.3899,0.58,2.3899,0.3
26昆明城建MTN002,99.67,2.55,2.27,2.5575,0.3
25建行二级资本债03BC,101.83,2.0208,-0.08,2.0219,0.3
25汇金MTN001,100.73,1.66,-0.25,1.66,0.3
25国航CP001,100.0,1.4655,1.77,1.4655,0.3
26海晟控股MTN001,100.58,1.7,,1.7,0.3
25国信证券CP018,100.07,1.4601,1.0,1.4601,0.3
26江西交投MTN004,99.87,1.64,1.0,1.64,0.3
26苏元禾MTN002A(科创债),99.68,1.7,1.0,1.7,0.3
24凤凰传媒MTN002,100.59,1.4999,-1.01,1.4999,0.3
25立讯精工SCP007(科创债),100.0,1.5882,-1.1,1.5882,0.3
26厦国贸控MTN010,100.73,2.29,0.14,2.29,0.3
24西宁城投MTN002,107.54,2.06,1.0,2.0608,0.3
26安阳钢铁MTN004(科创债),100.91,3.5908,1.57,3.5912,0.3
26鄂交通MTN001,101.17,1.7,-2.0,1.7,0.3
26北控集MTN002,99.97,1.64,1.0,1.64,0.3
26厦国贸控MTN007(并购),100.33,2.41,4.14,2.4096,0.3
24平安银行二级资本债01B,103.77,2.16,-0.16,2.16,0.3
26湖州银行永续债01,100.0,,,,0.3
24吉利MTN003(科创票据),100.59,1.55,-0.18,1.55,0.3
25上实MTN003,100.63,2.07,-1.0,2.07,0.3
25重庆交投MTN001,102.12,2.125,1.0,2.125,0.3
24东泰投资MTN002,101.09,1.5897,,1.5897,0.3
25闽建工MTN004,101.59,,,,0.3
21进出绿色债01,100.37,1.1801,-0.99,1.1801,0.3
25华润控股MTN003A,100.37,1.68,-1.71,1.68,0.3
26国华投资SCP003,100.0,1.4799,1.0,1.4799,0.3
26云南债06,100.93,1.7738,-0.42,1.7738,0.3
23浙江债62,111.66,2.035,0.5,2.035,0.3
25洪山国投MTN002,102.13,1.8,1.0,1.8,0.3
26长电MTN003,100.09,2.04,-0.5,2.04,0.3
24农行永续债02,102.14,1.65,1.0,1.65,0.3
26广东债06,103.68,2.2775,-0.25,2.2775,0.3
26新乡投资PPN003,100.06,1.82,-0.29,1.82,0.3
26徐工集团MTN009(科创债),99.64,1.66,1.0,1.66,0.3
25江西交投MTN003,100.15,1.595,-0.5,1.595,0.3
25中车集MTN004,100.72,1.61,,1.61,0.3
24龙城发展MTN005A,100.93,1.56,,1.56,0.3
26泰州城建SCP004,100.0,1.4798,0.03,1.4798,0.3
26深圳地铁MTN008A,100.02,1.8862,0.12,1.8862,0.3
26北部湾MTN006B,100.18,1.96,,1.96,0.3
23孝感城投MTN004,100.31,3.7418,,3.7418,0.3
23广州银行绿色债02,100.24,1.4001,-2.99,1.4001,0.3
26津渤海MTN012,100.0,2.2495,-25.63,2.2495,0.3
26江苏银行债02,99.95,1.5875,1.0,1.5875,0.3
19福建03,105.18,1.2745,18.64,1.2745,0.3
25江苏债39,101.47,1.455,-0.85,1.455,0.3
26景德枫荻PPN001,100.36,1.92,-7.0,1.92,0.3
25绍兴柯桥MTN001,102.91,2.1311,-1.07,2.1311,0.3
24溧阳城建MTN002,100.49,1.5343,-3.25,1.5343,0.3
25南康城发PPN001,103.58,2.06,-22.13,2.06,0.3
21湖北债176,104.07,1.284,11.4,1.284,0.3
25建发集MTN003,100.9,,,,0.3
26雅砻江SCP002,100.0,1.4794,1.0,1.4794,0.3
25唐山实业MTN002,100.39,1.63,,1.63,0.3
25寿光城控MTN004,101.51,1.98,,1.9786,0.3
25建发集MTN005,100.78,,,,0.3
25广东债48,100.9,2.2775,0.75,2.2775,0.3
24湖南能源MTN005B,101.79,1.73,-3.0,1.73,0.3
24乌江能源MTN001,101.48,1.7503,,1.7503,0.3
25山东发展MTN001A,100.48,1.525,-1.5,1.525,0.3
25广东债42,100.9,2.2775,0.85,2.2775,0.3
26兴业银行CD161,99.29,1.4499,,1.4499,0.3
26巴斯夫MTN001A(BC),100.49,1.68,1.0,1.68,0.3
25恒廷实业MTN001,101.11,1.62,-2.0,1.62,0.3
26锦江国际MTN002,100.62,2.09,-0.75,2.09,0.3
22武汉生态MTN001,101.64,1.5459,0.17,1.5459,0.3
24冀中能源MTN013B(科创票据),101.75,2.295,4.39,2.295,0.3
21洛阳城投MTN003,100.28,1.4999,1.0,1.4999,0.3
24台州国资MTN001,100.85,2.019,,2.019,0.3
26山东债79,100.67,2.0475,-0.75,2.0475,0.3
23苏银租赁小微债01BC,100.14,1.4299,-1.06,1.4299,0.3
25东兴证券CP007,100.03,1.47,-0.01,1.47,0.3
26宁德时代MTN006A(科创债),99.46,1.6149,0.09,1.6149,0.3
26重庆机场MTN002,99.81,1.75,-0.73,1.75,0.3
22海城建设MTN001,101.95,1.5523,-2.88,1.5523,0.3
26建发集MTN003,100.14,2.15,1.0,2.15,0.3
26睿新ABN003优先,100.0,,,,0.3
25浙商证券CP011,100.0,1.4596,,1.4596,0.3
21安徽债54,100.41,0.9201,,0.9201,0.3
26红塔证券CP003,100.0,1.4795,2.81,1.4795,0.3
23中行债01,100.17,1.3704,1.0,1.3704,0.3
26兴业证券CP001,100.01,1.4597,0.5,1.4597,0.3
22衢交债,60.93,2.5297,1.57,2.5297,0.3
26中交建SCP008,99.98,1.475,-0.5,1.475,0.3
24中原银行二级资本债01,101.66,2.1173,-0.03,2.1173,0.3
20湖南39,105.65,1.3828,-0.75,1.3828,0.3
24宁波通商银行二级资本债01,102.33,2.2682,-0.12,2.2682,0.3
26广汽集MTN001(科创债),100.51,1.865,0.5,1.865,0.3
26合建投MTN001,100.52,2.09,-0.93,2.09,0.3
25天风证券CP002,100.03,1.5697,3.26,1.5697,0.3
26苏农垦SCP018,99.97,1.4999,,1.4999,0.3
22工行二级资本债04A,101.7,2.6958,0.06,2.6958,0.3
26浙江债07,103.56,2.2325,1.53,2.2325,0.3
25国开13,100.12,1.42,1.0,1.42,0.3
26贴现国债37,99.5,1.0849,-5.75,1.0849,0.3
25浙商银行小微债01BC,100.54,1.51,0.5,1.51,0.3
26越秀集团MTN003A,99.86,1.69,-1.0,1.69,0.3
26渝惠通CP001,100.03,1.55,,1.55,0.3
25昆山国创MTN002,102.65,,,,0.3
26常城建SCP002,99.95,1.52,1.0,1.52,0.3
26渝高速MTN002,100.09,1.77,1.0,1.77,0.3
24光明MTN002,100.44,1.5199,-0.01,1.5199,0.3
25北京银行CD168,98.36,1.4397,-0.05,1.4397,0.3
23光大水务MTN001,100.51,1.6,-2.0,1.6,0.3
25广东债49,100.9,2.2775,0.95,2.2775,0.3
24广东债79,103.83,1.59,0.13,1.59,0.3
24浙江债59,105.19,1.8165,0.06,1.8165,0.3
25金东城投PPN001,101.38,1.6881,,1.6881,0.28
26江西交投SCP004,99.97,1.4957,,1.4957,0.27
24长寿开投PPN005,101.38,1.74,,1.739,0.25
26皖国资MTN001B,103.51,2.4103,-14.85,2.4103,0.25
24许昌投资PPN002,101.2,2.12,10.89,2.12,0.25
26平安租赁MTN007,101.46,1.8176,-0.24,1.82,0.24
24济宁城运PPN001,104.3,2.18,2.0,2.1797,0.24
24兖矿能源MTN003(科创票据),100.13,,,,0.24
26晋路桥MTN001,100.21,1.8867,-1.33,1.8867,0.24
24附息国债22,100.25,1.1995,0.1,1.1824,0.225
22长兴绿色债02,62.4,1.7078,,1.7078,0.22
26淮安投资SCP003,99.98,1.5503,0.02,1.5503,0.22
22济南轨交MTN001,111.24,1.9051,-1.49,1.9051,0.22
25山东海运MTN001,100.67,1.7867,-0.48,1.7867,0.22
24津城建MTN028A,100.65,1.5709,-1.91,1.5709,0.22
24贵州高速MTN006,100.56,1.5592,,1.5592,0.22
24广东债80,104.19,1.8077,-0.81,1.8077,0.2
26中铁开投MTN001,99.82,1.745,0.5,1.745,0.2
26建发新兴MTN001B(科创债),100.81,2.29,-2.89,2.29,0.2
26东航租赁SCP003,99.99,1.5204,2.0,1.5204,0.2
24江西债66,106.34,1.8416,,1.8416,0.2
25重庆债12,103.46,1.662,,1.662,0.2
26天成租赁SCP024(绿色),100.0,1.4999,2.98,1.4999,0.2
25光大集团MTN005B,102.12,1.98,,1.98,0.2
23鄂联投MTN006,100.29,1.4654,-0.63,1.4654,0.2
25广州银行永续债01,101.36,,,,0.2
26苏交通SCP004,100.01,1.4398,-2.0,1.4398,0.2
25申迪MTN001,101.22,1.72,0.5,1.72,0.2
26华光环保SCP011,99.98,1.53,,1.53,0.2
25津城建MTN010,100.57,1.57,1.0,1.57,0.2
26中机公司SCP001,100.02,1.5502,1.0,1.5502,0.2
26电网MTN018,102.13,2.255,1.0,2.255,0.2
26鲁国资MTN003,100.02,,,,0.2
25株洲城建PPN001,100.35,1.5699,-2.59,1.5699,0.2
24津城建MTN033,100.9,1.57,1.0,1.5725,0.2
26苏交通MTN001(并购),100.28,1.635,0.75,1.635,0.2
26埇桥城投PPN001,100.01,1.8331,-0.67,1.8316,0.2
25西影集团PPN001A,101.33,2.4314,-1.99,2.4306,0.2
25阳光人寿永续债01,101.94,,,,0.2
25中铝集MTN004,100.96,,,,0.2
25曹妃国控MTN001A,101.3,1.69,,1.6918,0.2
25长寿投资MTN004,100.01,1.6494,,1.6494,0.2
25赣州建投MTN001B,103.3,1.85,,1.85,0.2
24西宁城投MTN001,101.29,1.6507,,1.6507,0.2
24百福投资MTN001,100.76,1.6881,8.65,1.6881,0.2
22电建地产MTN003,100.46,1.9,1.0,1.9,0.2
24青岛金水MTN001,101.1,3.5281,1.46,3.5281,0.2
26宝鸡工发PPN002,100.0,2.3798,-0.01,2.3798,0.2
26长春轨交MTN008B,100.6,2.8,-6.98,2.8,0.2
24水电八局MTN001(科创票据),100.81,,,,0.2
22海宁专项债,101.63,2.8483,1.38,2.8483,0.2
25乌城投MTN003B,104.77,2.29,1.0,2.29,0.2
26中拓MTN003,100.0,,,,0.2
25兴城投资MTN001A,100.52,,,,0.2
24皖投置业PPN001(项目收益),100.58,2.6977,0.07,2.6977,0.2
25晋能装备MTN001(可持续挂钩),100.41,1.533,-2.74,1.533,0.2
26立根租赁MTN001,100.0,1.7889,-2.64,1.7895,0.2
24株国投MTN002,100.76,1.5799,-1.01,1.5837,0.2
26沪电气MTN002(科创债/并购),100.05,1.67,1.0,1.67,0.2
23中燃投资MTN001,100.37,3.0208,0.54,3.0208,0.2
25金华金投MTN001(乡村振兴),100.54,1.6639,,1.6639,0.2
26福耀玻璃SCP001,100.0,1.4899,1.0,1.4899,0.2
26青岛海科MTN001A,101.01,2.7986,,2.7993,0.2
26海通恒信MTN001,100.4,1.7817,0.06,1.7817,0.2
24邮盈惠兴7C,111.49,,,,0.2
26上海大唐SCP001,100.0,1.5403,,1.5403,0.2
26中国建设MTN002,100.09,,,,0.2
24海淀国资MTN001A,100.57,2.5042,0.46,2.5042,0.2
22光大绿环MTN001BC(绿色),100.57,1.5312,-0.87,1.5312,0.2
25平安银行永续债02BC,101.89,,,,0.2
25巨峰科技PPN003,101.39,2.1199,2.28,2.1199,0.2
25财信MTN001,101.02,,,,0.2
25涪陵国资MTN004A,102.27,1.79,-4.0,1.79,0.2
26建发MTN001,100.63,,,,0.2
26温公用MTN001,99.66,1.6622,-0.95,1.6622,0.2
25武金控MTN004,100.88,2.0104,1.0,2.0104,0.2
26兴业银行绿债01A,99.97,1.55,1.0,1.55,0.2
20杭州高新PPN001,100.23,1.4882,,1.4882,0.2
22甘肃债23,104.36,1.31,,1.31,0.2
24光大银行债01,100.5,1.4476,0.01,1.4476,0.2
24晋能煤业MTN012(科创票据),100.71,,,,0.2
25金隅MTN008,100.39,,,,0.2
24东楚投资MTN001,104.75,1.81,,1.81,0.2
25泰兴城投PPN003,101.09,1.6346,-2.59,1.6346,0.2
26广东能源SCP001(绿色),100.01,1.5299,1.09,1.5299,0.2
25国航MTN003,100.4,1.565,-2.5,1.565,0.2
24农行TLAC非资本债01C(BC),104.0,1.9002,-0.22,1.9002,0.2
23电建地产MTN003,100.04,2.43,-1.97,2.43,0.2
26郑州公用MTN002,99.91,2.34,1.0,2.34,0.2
26恒安国际MTN001,100.0,1.8998,-10.02,1.8998,0.2
24海峡银行二级资本债01,102.71,2.2838,-0.56,2.2838,0.2
25动投集团PPN003,100.34,2.5,8.5,2.49,0.2
24南昌轨交MTN001(绿色),100.47,1.5,-0.01,1.5,0.2
24邮政MTN006,100.5,1.515,-0.76,1.515,0.2
26天津53,103.02,2.28,-1.75,2.28,0.2
23中行二级资本债01A,102.92,2.9887,0.14,2.9887,0.2
26渝保税MTN002,99.81,1.84,1.0,1.84,0.2
26太湖新城MTN007,100.17,2.36,-1.47,2.3603,0.2
26潍坊城建MTN001B,101.34,1.8422,-1.26,1.8411,0.2
23国开15,106.76,1.6575,0.5,1.6573,0.2
24建行TLAC非资本债01B,101.31,1.7502,0.14,1.7502,0.2
26云南交投MTN004,100.68,1.76,-2.0,1.76,0.2
26理想汽车MTN002(科创债),99.02,2.1,1.0,2.1,0.2
24江苏港口MTN001,102.73,1.675,0.5,1.675,0.2
25中信银行二级资本债01BC,100.98,1.8658,-0.05,1.8658,0.2
24重庆银行绿色债01,100.56,1.475,-0.5,1.475,0.2
26昌源水务MTN003,100.1,2.0178,1.78,2.0178,0.2
24郑州城发PPN002,101.67,1.781,-0.48,1.781,0.2
23厦门国际银行01,100.28,1.3899,3.0,1.3899,0.2
26徐州新盛MTN005,100.02,1.8269,0.2,1.8272,0.2
26盛京银行CD029,98.36,1.7501,6.01,1.7501,0.2
24建行二级资本债03BC,100.89,1.8431,0.22,1.8431,0.2
24株洲高科MTN004,104.25,1.84,-15.3,1.841,0.2
24诚通建投PPN001,101.12,1.9286,74.51,1.9286,0.2
25招商蛇口MTN001,100.53,1.6509,-2.91,1.6509,0.2
26山东港口MTN004(并购),99.77,1.68,-0.5,1.68,0.2
26太湖新城MTN010,100.28,,,,0.2
26静海城投MTN002,100.0,2.1999,1.0,2.1999,0.2
26广东债20,103.58,2.2325,0.75,2.2325,0.2
23电建地产MTN002,100.36,2.25,-1.0,2.25,0.2
22建德农商行二级资本债券01,102.09,4.4012,1.52,4.4008,0.2
26厦钨SCP002,99.94,1.5399,-1.01,1.5399,0.2
24萍乡创新MTN003,102.81,2.1362,-0.74,2.1357,0.2
26昆明土地PPN002,100.13,2.208,-14.2,2.1999,0.2
26之江城投PPN001A,100.06,1.7379,-3.64,1.7374,0.2
24义乌国资MTN005,101.34,,,,0.2
24任丘经发PPN001,101.14,2.4584,-0.16,2.4589,0.2
26冀中能源MTN017B,100.0,,,,0.2
24大唐山西GN003(乡村振兴),100.63,1.5749,-2.51,1.5749,0.2
23铁道10,119.52,2.2846,-0.04,2.2848,0.2
22苏城投MTN001A,101.31,1.5199,,1.5199,0.2
24京汽集MTN005,100.82,1.4221,-0.79,1.4211,0.2
24中色MTN002,100.65,1.3963,-1.37,1.395,0.2
26长电MTN004,100.2,2.0375,-0.25,2.0375,0.2
24东莞银行01,100.52,1.48,0.25,1.48,0.2
24溧水城建MTN002,100.57,1.5499,,1.5499,0.2
26青岛城投MTN003,100.18,1.8858,1.0,1.8858,0.2
25中原金控MTN002,101.5,2.5254,-1.21,2.5254,0.2
26西岸金融PPN001,101.13,2.2227,-0.68,2.2231,0.2
21中国银行二级04,109.79,2.6871,0.06,2.6869,0.2
22首开PPN001,99.87,3.5451,29.91,3.5472,0.2
25云建投MTN003,100.37,1.58,-4.11,1.58,0.2
24海通恒信MTN003,101.01,2.1552,,2.1552,0.2
26青城租赁PPN001,99.89,2.5278,12.78,2.5267,0.2
24中国平煤MTN005,101.43,2.4899,-0.01,2.4875,0.2
26甬开投SCP001,100.02,1.4496,,1.4496,0.2
26东港投资PPN001,100.06,1.7779,-1.2,1.7764,0.2
25荆门城投PPN003,100.84,2.024,1.61,2.024,0.2
25淮南经发PPN001,101.75,1.804,-3.27,1.8,0.2
26衡阳城投MTN002,101.5,2.0541,-1.0,2.0541,0.2
24鲁中投资PPN001,100.93,4.5608,3.21,4.562,0.2
22武汉生态MTN002,101.72,1.5466,-1.26,1.5466,0.2
25浦发银行科创债01,100.28,1.49,1.0,1.49,0.2
26蓉裕ABN001优先,100.45,,,,0.2
26腾景科技MTN001(科创债),100.03,1.9736,-2.61,1.976,0.2
25兴业银行CD218,98.38,1.4397,0.99,1.4397,0.2
24沈阳地铁MTN006B,104.76,,,,0.2
24附息国债16,100.42,1.1575,-0.09,1.1575,0.2
25淮南矿MTN002,100.81,1.62,1.0,1.62,0.2
25中交房产MTN005B,100.09,3.0,33.79,3.0016,0.2
24甬开投MTN001,101.02,,,,0.2
26亳州城建MTN002,100.14,1.76,-2.0,1.76,0.2
26湖南债13,104.54,2.2775,0.75,2.2763,0.2
24重庆债50,102.26,2.13,3.84,2.1302,0.2
24重南新城PPN004,101.53,1.61,-31.8,1.6122,0.2
26青岛国信MTN008A,99.91,1.87,1.0,1.87,0.2
25桂铁投MTN003,100.62,1.65,-2.0,1.65,0.2
23连云港PPN006,100.46,1.537,-0.87,1.537,0.2
24溧水经开PPN001,100.58,1.5622,0.21,1.5622,0.2
26象屿MTN003,99.77,,,,0.2
25冀中能源MTN004(科创票据),102.04,1.89,-1.63,1.89,0.2
26建设银行CD099,98.55,1.4775,0.1,1.4763,0.2
25广西能源MTN001B,102.23,1.9778,,1.9778,0.2
25科学广州MTN001,100.89,1.6915,-1.29,1.6915,0.2
24衡阳城投PPN002,102.43,1.7792,1.92,1.7792,0.2
25陕煤化MTN004,101.12,,,,0.2
25陕煤化MTN002,101.36,,,,0.2
26渤海化工MTN003,100.28,2.137,,2.137,0.2
24豫能源PPN004,101.8,3.45,,3.45,0.2
25陕文投MTN002,100.81,2.45,,2.4492,0.2
22重庆银行二级,101.18,3.49,0.79,3.49,0.2
23成都银行二级资本债01,103.34,2.8134,0.11,2.8134,0.2
24广发银行永续债02,102.17,,,,0.2
26鲁高速MTN003,100.84,,,,0.2
26四川新网银行CD014,98.66,1.8044,1.43,1.7973,0.2
24建湖城投PPN005,100.71,1.7101,,1.7142,0.2
26漳州交通MTN002,100.0,,,,0.2
24宁波轨交GN001,100.55,,,,0.2
25电网MTN012,100.75,1.7081,0.12,1.7081,0.2
26益阳交投MTN002,99.51,2.0151,-1.01,2.0151,0.2
25水发集团GN017,101.47,2.04,1.0,2.04,0.2
26广东债22,104.39,2.275,0.5,2.275,0.2
24中电投MTN026,100.91,,,,0.2
26海发宝诚SCP006,100.0,1.5104,0.55,1.5104,0.2
22农行二级资本债02B,108.4,2.4611,0.32,2.4611,0.2
26乌建发PPN001,102.29,2.2245,17.95,2.2245,0.2
24四川债44,105.41,1.8292,1.0,1.8292,0.2
25西咸新发PPN003,100.01,3.0969,,3.0963,0.2
21建设银行二级05,100.5,3.3719,0.14,3.3719,0.2
25东楚投资MTN003,103.21,,,,0.2
21湖北债36,119.48,1.7177,0.1,1.7177,0.2
21河北24,110.68,1.5342,,1.5342,0.2
26应流MTN001(科创债),99.27,2.21,,2.21,0.2
25泰安泰山MTN001A,101.45,2.1494,-21.88,2.1494,0.2
24京汽集MTN004,101.55,1.73,1.0,1.73,0.2
25农发清发07,101.35,1.5792,-0.08,1.5796,0.2
25中国电子MTN002(科创债),100.69,1.62,1.0,1.62,0.2
24桂金MTN001,101.69,1.65,1.0,1.65,0.2
25黄石国资MTN001,101.09,1.7812,-0.82,1.7812,0.2
24万盛经开PPN003,105.22,2.1447,-0.53,2.1437,0.2
26浦发银行CD139,98.54,1.483,1.0,1.483,0.2
26浙江机场MTN001,99.88,1.648,-0.1,1.649,0.2
26越秀资本MTN006,99.91,2.32,1.0,2.32,0.2
24汇理汽车债02,100.58,1.51,-1.53,1.51,0.2
24山西建投MTN002B,100.68,,,,0.2
24津渤海MTN006,102.43,2.2018,-14.75,2.2009,0.2
26海淀国资MTN004A,100.21,1.6359,1.59,1.6359,0.2
26华发科技MTN002(科创债),99.94,2.1622,-1.11,2.1622,0.2
26紫金矿业MTN003(并购),99.98,1.6629,0.29,1.6629,0.2
26德泰控股MTN001A,100.48,1.88,-9.07,1.88,0.2
26山西债06,103.55,2.025,0.45,2.025,0.2
26电建新能SCP005,99.98,1.5018,0.16,1.5018,0.2
26泰达城发MTN001,100.83,1.855,-7.5,1.855,0.2
26龙城发展PPN004,100.46,1.88,-3.25,1.88,0.2
24厦国贸控MTN011,100.59,,,,0.2
26合川投资PPN002,102.57,2.19,-1.0,2.1894,0.2
26金川MTN002,100.18,2.27,-2.0,2.27,0.2
26湖交投MTN001,100.48,1.7767,0.01,1.7767,0.2
25兴业银行债01,100.65,1.54,1.0,1.54,0.2
25重庆农商行科创债01,101.02,1.6288,,1.63,0.2
25邮储永续债01BC,100.93,,,,0.2
26海曙广聚MTN003,100.5,1.82,-3.0,1.82,0.2
26山东债78,101.45,2.273,1.0,2.273,0.2
20浦发银行二级02,109.14,2.9929,-0.79,2.9927,0.2
24榆林城投MTN002,102.58,1.71,-4.0,1.7075,0.2
25国开科创01,99.85,1.3323,-4.53,1.3323,0.2
24嘉兴产业MTN001,101.53,1.7115,,1.7115,0.2
25徐州交通MTN003,101.03,1.7704,-0.4,1.7704,0.2
24滨建投MTN009,103.85,2.109,-5.6,2.1095,0.2
25开封国投MTN001,101.15,1.7668,-3.32,1.7703,0.2
25拉萨城投MTN002,100.33,1.65,,1.65,0.2
25首开MTN004B,97.7,3.6454,17.37,3.6447,0.2
25大横琴MTN002,100.71,,,,0.2
25南京银行绿色债01,100.36,1.48,0.5,1.48,0.2
24上海电气MTN002,100.66,1.54,1.0,1.54,0.2
26宝钢MTN004(科创债),99.96,1.5148,1.0,1.5148,0.2
24许昌建投MTN001,100.56,2.8057,,2.8066,0.2
24云投MTN014,101.15,1.61,-1.79,1.61,0.2
26厦国贸控MTN011,100.32,2.3932,-0.68,2.3932,0.2
25浦发银行二级资本债01B,102.95,2.1561,-1.08,2.1581,0.2
26中信银行CD144,98.93,1.4601,-0.23,1.4601,0.2
26建安投资MTN002B,100.54,1.89,-3.8,1.89,0.2
24首都机场MTN004(绿色),100.5,1.49,,1.4921,0.2
24钦州开投MTN001B,85.92,,,,0.2
22泉州城建MTN002B,101.57,1.5357,-1.65,1.5347,0.2
26湖北宏泰MTN001,100.8,1.7,,1.7,0.2
22中煤集团MTN001B,101.48,1.5268,0.68,1.5258,0.2
25中冶MTN001,101.0,,,,0.2
24平度城投MTN001B,102.81,2.13,13.0,2.13,0.2
24中荆PPN001,101.27,4.3606,-1.89,4.361,0.2
25河南债65,101.95,2.278,0.65,2.278,0.2
24皖能股MTN001,102.0,1.675,-1.0,1.675,0.2
26贵州10,104.87,2.2825,0.75,2.2825,0.2
25摩根士丹利PPN001BC,100.03,1.97,1.0,1.97,0.2
23农行二级资本债03A,103.91,2.8367,0.13,2.8367,0.2
26西安高新MTN007,100.13,2.5,29.89,2.4991,0.2
24西部矿业MTN001(可持续挂钩),101.03,1.5004,-1.27,1.5023,0.2
25桐庐投资MTN001,102.37,2.0309,,2.0305,0.2
26济南能源MTN002A,99.91,1.82,-1.0,1.82,0.2
26厦国贸控MTN008,100.18,,,,0.2
23太原国投MTN001,100.22,3.337,,3.337,0.2
26信达投资MTN002A,100.26,2.2731,-4.87,2.2792,0.2
24泉州交通MTN002,100.73,1.4,-15.0,1.401,0.2
21进出10,108.5,1.545,1.0,1.545,0.2
26淮安投资SCP002,100.0,1.5298,,1.5298,0.2
24青岛城投MTN002,102.75,1.7,-1.0,1.7,0.2
24十堰城控PPN003,101.81,1.78,,1.78,0.2
26景德城投CP001,100.05,1.6401,0.01,1.6401,0.2
25抚州投资PPN001,101.27,1.6341,,1.6341,0.2
26华发集团MTN005,99.38,2.9185,-0.03,2.9185,0.2
26榆林能源MTN003,100.03,,,,0.2
22武汉生态MTN003,102.06,1.5522,-1.56,1.5522,0.2
25株洲城建PPN003,103.36,1.9059,-2.17,1.9059,0.2
25一方信锦ABN002优先,100.33,,,,0.2
24镜湖开发MTN001,101.81,1.7,,1.7,0.2
26陕延油MTN001,100.17,,,,0.2
26大足工业PPN007,100.1,1.7099,0.48,1.7125,0.2
24华夏银行永续债02,101.56,,,,0.2
26陕有色GN003,99.79,1.795,-1.0,1.795,0.2
25衡高控股PPN002,102.93,2.3758,-0.32,2.3758,0.2
24开滦MTN004(科创票据),102.74,,,,0.2
24晋能煤业MTN008,102.29,,,,0.2
25长春轨交MTN001A,101.0,,,,0.2
25日照城投MTN002A,101.12,2.0585,,2.0585,0.2
22闽高速MTN001,101.05,1.5301,-1.23,1.5301,0.2
26南电MTN003,100.17,1.7101,1.0,1.7101,0.2
24桂交投MTN015A,101.82,1.73,-4.0,1.73,0.2
26科学城MTN005B,99.96,1.8181,-0.19,1.8181,0.2
24越秀交通MTN005,100.1,1.4999,-1.01,1.4999,0.2
25南昌经开MTN003,102.14,1.9,-7.47,1.905,0.2
24娄底城发MTN001,102.94,1.86,12.75,1.855,0.2
26中联重科MTN001(科创债),100.18,1.88,-2.26,1.88,0.2
25京城投MTN002,100.33,1.8669,-5.45,1.8669,0.2
25保利置业MTN002,100.94,2.4648,0.98,2.4648,0.2
25中冶MTN003,101.1,,,,0.2
24溧阳高新MTN001,100.57,1.5718,,1.5718,0.2
19工商银行二级04,107.81,3.5019,0.08,3.5019,0.2
26河南债11,103.64,2.2375,-1.25,2.2375,0.2
25平安租赁MTN009,101.36,1.69,-4.1,1.69,0.2
25安徽债81,101.58,2.2275,-0.25,2.2275,0.2
25鲁高速MTN008,101.25,,,,0.2
25湖北债55,99.06,2.1003,-3.97,2.1003,0.2
21川高速MTN007,100.04,1.4805,-1.92,1.4805,0.2
24振湘国资PPN001,100.79,1.9169,-2.31,1.9196,0.2
24临沂商城PPN002,101.62,3.2304,0.27,3.2311,0.2
26兴业资产SCP004,99.99,1.4859,1.0,1.4859,0.2
26中建六局MTN001(可持续挂钩),100.06,,,,0.2
26津城建MTN016,100.52,2.58,-1.0,2.58,0.2
26金融资本MTN002,100.09,1.93,1.0,1.93,0.2
25威海高新MTN001,102.54,1.98,-6.0,1.98,0.2
19农业银行二级01,107.13,3.4353,0.56,3.4353,0.2
25闽西兴杭MTN004,100.73,1.64,1.0,1.64,0.2
26苏州高新SCP019,100.01,1.5099,1.22,1.5099,0.2
25五矿证券CP004,100.03,1.5297,,1.5297,0.2
24渝江北嘴MTN001,103.0,1.75,-3.0,1.75,0.2
24东莞银行二级资本债01,102.49,2.2619,-0.27,2.2619,0.2
21广东债37,124.22,1.89,-5.0,1.89,0.2
26鲁能源MTN002(科创债),100.0,,,,0.2
24上饶国资MTN001,103.03,1.84,-8.32,1.84,0.2
22海江投资MTN002,102.03,1.5511,-1.2,1.5511,0.2
25吴中交投MTN001,101.04,1.6432,0.32,1.6432,0.2
26中化股MTN007,101.42,2.175,-2.28,2.1755,0.2
22宜宾发展PPN001,101.09,1.5399,-0.01,1.5399,0.2
26开源证券CP002,100.0,1.4818,,1.4818,0.2
26淮安新城MTN006,100.13,1.6318,-2.53,1.6318,0.2
26苏农垦SCP013,100.0,1.4824,0.43,1.4824,0.2
23绍兴高新MTN002,100.27,1.55,4.92,1.55,0.2
26信达投资MTN002B,100.42,2.5384,0.01,2.5384,0.2
23邢台银行永续债01,102.75,,,,0.2
17鄂州管廊债,15.57,1.6599,,1.6748,0.2
26苏交通SCP005,100.0,1.4701,1.0,1.4701,0.2
26东北电力SCP004,99.96,1.56,5.01,1.56,0.2
26建行永续债01BC,100.36,,,,0.2
25通泰MTN002A,104.5,2.15,-4.86,2.1508,0.2
24豫航空港MTN016,102.55,1.79,-1.17,1.7911,0.2
26晋能电力MTN003,100.19,,,,0.2
23三峡平湖PPN001,100.56,3.433,2.92,3.433,0.2
25中化股MTN004,101.13,2.1244,-1.31,2.1247,0.2
24广发银行二级资本债01A,101.44,1.9708,-0.24,1.9716,0.2
26武清国资CP001,100.02,1.59,-10.28,1.59,0.2
25知识城SCP007,100.0,1.4989,1.0,1.4989,0.2
24中行永续债02BC,101.5,,,,0.2
21四川债71,100.34,0.9198,13.97,0.9198,0.2
21江苏债22,100.24,0.9196,15.94,0.9196,0.2
24湖南债60,104.19,2.151,-0.15,2.151,0.2
23鄂联投MTN004,100.03,1.4984,1.0,1.4984,0.2
26兴业银行CD143,99.64,1.44,0.49,1.44,0.2
24海宁城投MTN001,100.57,2.4491,-0.11,2.4502,0.2
25江津园区PPN003,100.86,1.7928,-4.66,1.7903,0.2
25宁波银行永续债01,101.84,,,,0.2
25建行小微债01BC,100.65,1.5225,1.25,1.5225,0.2
26攀钢集MTN004,100.14,1.77,-1.5,1.77,0.2
24豫航空港MTN002,100.58,1.5501,1.0,1.5501,0.2
26长春轨交MTN001,101.16,,,,0.2
26象屿股份MTN001,100.9,,,,0.2
26淮河能源MTN002(并购/专项乡村振兴),100.99,1.78,,1.78,0.2
25晋能装备MTN004,100.76,,,,0.2
26四川27,104.82,2.275,1.0,2.275,0.2
24萧山农商行二级资本债01,101.43,2.0521,-0.25,2.0521,0.2
25国安实业MTN001,100.21,2.2004,-0.09,2.2004,0.2
23汉口银行二级资本债01,105.45,3.8659,0.39,3.8659,0.2
25嘉善国投MTN001,101.92,1.7483,,1.7492,0.2
24湖北银行永续债01,101.87,,,,0.2
24济南轨交MTN002,102.02,1.685,-2.5,1.685,0.2
26银河证券CP006,99.99,1.4799,1.01,1.4799,0.2
26深圳地铁MTN007B,101.12,2.37,-0.5,2.37,0.2
25潞安MTN006A,100.51,,,,0.2
25赣国资MTN002(科创债),100.16,1.61,-2.0,1.6117,0.2
24电网MTN001,100.56,1.5151,-1.81,1.5151,0.2
26江苏债11,102.31,2.0251,-0.49,2.0251,0.2
25百福投资MTN001,105.82,2.6244,,2.6249,0.2
26凤城河PPN002,100.16,1.7521,-3.79,1.7521,0.2
25中交城投MTN003,100.43,1.6922,-0.56,1.6922,0.2
25昆明土地SCP005,100.01,2.3993,,2.3845,0.2
25上饶国资PPN001,101.53,1.64,0.4,1.642,0.2
25上海农商01,100.33,1.515,-1.5,1.515,0.2
24杭金投MTN001A,100.61,1.5452,-1.48,1.5452,0.2
25中国通用CP001,100.04,1.4802,-0.49,1.4802,0.2
24闽漳龙MTN004,101.4,1.7407,-6.46,1.7407,0.2
25吉林高速MTN001,100.61,1.8287,-1.79,1.8287,0.2
24安徽债72,103.79,1.615,0.03,1.615,0.2
23湖北债103,108.93,1.525,1.0,1.525,0.2
25电网MTN015,102.27,1.9775,-3.25,1.9775,0.2
26新希望CP001(科创债),100.04,1.7699,1.0,1.7699,0.2
26重庆债33,101.64,2.247,0.2,2.247,0.2
24晋能煤业MTN013,101.09,1.585,-0.5,1.585,0.2
22南电MTN003,101.52,1.5225,1.0,1.5225,0.2
25中信银行科创债,100.27,1.495,0.21,1.495,0.2
23泰交通MTN002,100.21,1.58,,1.58,0.2
25交行TLAC非资本债01A(BC),100.42,1.6306,1.0,1.6306,0.2
24国丰集团MTN002A,100.56,1.53,-0.01,1.53,0.2
24山东债18,104.36,1.407,,1.407,0.2
24华发集团MTN013,98.87,3.09,2.0,3.09,0.2
23晋城国资MTN003,100.36,1.53,1.47,1.53,0.2
26福建债12,100.06,1.6,2.05,1.6,0.2
26湖南32,99.82,1.77,0.4,1.77,0.2
26沪港务MTN002,100.15,1.6325,-0.25,1.6325,0.2
24南航集MTN002,100.6,1.53,-1.0,1.53,0.2
25国航MTN007,100.23,1.605,0.5,1.605,0.2
25惠元10C,41.19,,,,0.1996
24天津银行二级资本债01,102.5,2.3891,-0.01,2.3891,0.19
26臻金3C,103.09,,,,0.184
25中电投MTN017,100.51,,,,0.18
24华润MTN008,100.73,,,,0.18
24滨湖建设MTN003,100.53,1.5674,-0.25,1.5674,0.18
24东裕4号ABN005次,100.3,,,,0.18
24青岛海科MTN001,99.98,2.5002,-5.0,2.5052,0.18
26中交建筑MTN002,100.15,1.7724,-0.26,1.7724,0.18
26橙益6C,105.28,,,,0.1792
21镜湖建设PPN002,100.22,1.6057,-0.92,1.6057,0.176
24黄海金融MTN001,100.64,1.603,,1.603,0.174
25滁州城投MTN001,100.96,1.9679,-0.19,1.9679,0.17
25上海城开MTN001,100.41,1.7445,1.06,1.7445,0.17
25中交投MTN002B,100.69,,,,0.16
25苏州高新MTN003,100.39,,,,0.16
25华润电力MTN004,100.75,,,,0.16
24天泰实业PPN001,100.92,3.4044,3.67,3.4034,0.16
24蔡家建设PPN002,103.28,2.1848,20.71,2.1842,0.16
25滨江房产MTN001,100.82,2.2364,0.11,2.2364,0.16
24滨江城建PPN004,102.07,1.6992,-6.25,1.6992,0.16
23附息国债02,102.04,1.09,1.0,1.09,0.15
25知识城MTN006,101.34,,,,0.15
24潞安MTN003,101.92,1.7393,2.43,1.7393,0.15
24福建漳州MTN001,100.69,,,,0.15
23盐城城南MTN003,100.5,1.5084,0.19,1.5084,0.15
25遂川鑫建PPN001B,102.7,2.27,,2.27,0.15
24环球租赁MTN001,100.97,1.6018,-2.82,1.6018,0.15
25武进经发MTN007,101.05,1.6549,-1.71,1.6549,0.15
26中航租赁MTN001,100.44,1.7016,-1.62,1.7016,0.15
24中交房产MTN001,100.05,2.5589,-0.12,2.5589,0.15
21德阳经开MTN001,100.34,1.5931,,1.5931,0.14
25国贸资本MTN001,100.38,,,,0.14
25中铁建投MTN002B,101.16,,,,0.14
25中交投MTN001A,100.49,,,,0.14
25国贸地产MTN002,100.5,2.2899,,2.2899,0.14
25厦国贸控MTN004,101.23,,,,0.14
24昌阳投资MTN001,101.0,1.629,-2.11,1.6245,0.14
25恒丰银行CD379,98.4,1.4477,-0.23,1.4437,0.14
26建发地产MTN003,99.25,2.6698,18.17,2.6707,0.14
26睿新ABN003次优先,100.0,,,,0.13
24兴创投资MTN003,100.49,2.0159,,2.0159,0.13
26陕西建工CP005,98.72,5.6333,-1.17,5.6333,0.12
26中交一公MTN001A,100.07,,,,0.12
26吴中国太SCP004,99.99,1.5239,,1.5239,0.12
22西湖城投PPN001,100.18,1.5365,1.27,1.5365,0.117
26亚投行债01BC(可持续),100.34,1.56,1.0,1.56,0.1
26广发银行债01BC,99.98,1.575,0.5,1.575,0.1
26华电股MTN001(并购),100.11,1.725,-1.03,1.725,0.1
26苏交通MTN004,100.11,1.725,-0.5,1.725,0.1
26武汉城建MTN002,100.14,1.81,-1.0,1.81,0.1
26东莞银行二级资本债01,100.35,1.9201,-0.51,1.9201,0.1
25建设银行CD392,98.38,1.4345,-0.28,1.4345,0.1
25青岛西海MTN002,101.35,1.645,-1.5,1.645,0.1
26江西40,100.0,2.28,0.76,2.28,0.1
25淮南矿MTN001,101.08,1.6025,-1.67,1.6025,0.1
26湖南债04,103.37,2.235,0.75,2.235,0.1
26合肥高新MTN001,100.52,1.7013,-3.87,1.7013,0.1
25晋城国资CP001,100.03,1.5502,,1.5502,0.1
26江铜股份MTN002A(并购),100.35,2.1009,0.18,2.1009,0.1
23四川港投MTN001,100.2,1.5299,,1.5299,0.1
26平安租赁MTN011,100.87,1.8925,-1.1,1.8925,0.1
26萍乡国盛MTN001B,101.17,2.13,,2.13,0.1
26法农银行债01B(BC),100.06,1.8475,1.0,1.8475,0.1
25西安高新CP010,100.01,1.8012,6.08,1.8012,0.1
26国际投资MTN001(科创债),99.64,1.66,1.0,1.66,0.1
24工银金租债02,100.5,1.4587,-2.13,1.4587,0.1
25中原高速MTN003,100.57,,,,0.1
26浙江债60,99.44,2.235,1.02,2.235,0.1
26川华西SCP003,99.93,1.8036,-0.14,1.8036,0.1
25江门建设MTN001A,101.06,1.587,-4.72,1.587,0.1
26广东农垦SCP001,100.01,1.5005,1.58,1.5005,0.1
24百联集MTN001,100.54,,,,0.1
26镇江产投MTN005,100.58,1.89,-3.0,1.89,0.1
25建发MTN004,100.87,,,,0.1
25大兴发展MTN003,100.7,1.645,0.5,1.645,0.1
24威海城投MTN002B,101.86,1.904,-2.08,1.904,0.1
22济南城建PPN001,101.23,1.5343,,1.5343,0.1
24中燃投资MTN004,101.08,1.8403,,1.8403,0.1
25农垦MTN001,100.68,1.6381,,1.6381,0.1
25衡阳城投PPN005,100.88,1.9545,-0.34,1.9545,0.1
25云南交投MTN005,100.16,1.5151,-1.5,1.5151,0.1
24贵州高速MTN012,101.01,1.5571,-3.82,1.5571,0.1
26甬交投集MTN002,100.11,,,,0.1
26奇瑞汽金绿债01,100.4,1.7653,-4.39,1.7653,0.1
25桂冠电力MTN002,100.48,,,,0.1
26阜阳建投PPN001,100.4,1.74,-4.29,1.74,0.1
26冀中能源MTN006B,100.72,2.4574,26.16,2.4574,0.1
25康富租赁MTN001(碳中和债),99.83,2.7827,,2.7827,0.1
26天津债56,100.86,2.28,-1.25,2.28,0.1
26大足发展PPN003,100.04,1.7099,-0.64,1.7099,0.1
25渝科学城MTN002,102.71,1.78,-1.0,1.78,0.1
25金融街MTN001,100.27,2.3622,-6.85,2.3622,0.1
26鲁中控股PPN002,100.41,2.8247,27.31,2.8247,0.1
24淮南矿MTN001,100.46,1.56,1.0,1.56,0.1
25青岛城阳MTN001,100.48,2.0652,0.33,2.064,0.1
26海淀国资MTN002B,101.27,1.855,-0.5,1.855,0.1
26河南15,105.18,2.278,0.5,2.278,0.1
23宁波债30,102.75,1.2725,,1.2725,0.1
26金融资本MTN001,100.76,1.92,-3.0,1.92,0.1
24北京银行01,100.49,1.46,-0.51,1.46,0.1
24上海银行小微债01,100.64,1.5,1.0,1.5,0.1
25平安人寿资本补充债01,102.12,2.6381,1.0,2.6381,0.1
26鞍钢集MTN005,100.06,,,,0.1
26津城建MTN006,101.43,1.92,-9.97,1.92,0.1
24渤海银行永续债01,101.61,,,,0.1
25广发银行二级资本债01BC,101.76,2.0385,0.01,2.0385,0.1
21工商银行永续债02,100.44,,,,0.1
23中化工程MTN001,100.29,,,,0.1
24蜀道投资MTN020,100.12,,,,0.1
24空港兴城MTN001,100.55,2.2695,1.4,2.2695,0.1
24华阳新材MTN008,102.04,2.22,-18.0,2.22,0.1
24江苏资产MTN001,100.49,1.4612,-1.73,1.4612,0.1
25中化股MTN002,100.95,2.115,-3.0,2.115,0.1
25中电投MTN001B,101.24,,,,0.1
26东北电力SCP002,100.0,1.4799,-0.05,1.4799,0.1
24东台国资PPN001,100.61,1.6206,,1.6206,0.1
25深投控MTN005,100.72,1.615,,1.615,0.1
25陕煤化MTN001,101.93,,,,0.1
23滁州经开MTN001,100.34,1.5502,3.95,1.5502,0.1
26沛县城投PPN001,103.29,2.0945,-1.69,2.0957,0.1
25海州湾MTN001,102.19,2.117,-1.48,2.1158,0.1
25湖南银行债01,100.46,1.55,1.0,1.55,0.1
25天津和平PPN001,103.9,2.43,-3.0,2.4296,0.1
24建行二级资本债02B,103.12,2.0893,-0.3,2.0893,0.1
22恒丰银行永续债,102.03,,,,0.1
26建安投资MTN002A,100.02,1.72,-5.0,1.72,0.1
22中信集团MTN004A,101.06,1.4999,,1.4999,0.1
24涪陵新城MTN001A,100.67,1.565,-0.49,1.565,0.1
24中银消费金融债03,100.58,1.49,1.0,1.49,0.1
25中交地产MTN001,100.59,1.8001,,1.8001,0.1
25城发投资MTN001B,101.7,,,,0.1
26云天化MTN002(科创债),99.97,1.79,-5.55,1.79,0.1
26华银电力MTN001,100.07,1.63,,1.63,0.1
24青岛海控PPN002,100.66,1.5446,-0.24,1.5446,0.1
25盐城交投PPN002,101.0,1.6533,-2.66,1.6533,0.1
22清远德晟MTN001,100.77,1.5843,-0.17,1.5843,0.1
25宁经开MTN001,101.4,2.0659,-0.63,2.0659,0.1
26民生银行永续债01,100.9,,,,0.1
24威海城投MTN001A,100.63,2.677,0.9,2.677,0.1
24洛阳弘义MTN001,100.79,2.2857,1.52,2.284,0.1
23汉口银行二级资本债02,105.91,3.4604,0.23,3.4597,0.1
26中铁武电MTN001,100.21,,,,0.1
26昆明交投SCP001,100.03,1.9798,1.0,1.9798,0.1
21广东债92,104.22,1.175,,1.175,0.1
23河钢集MTN013,100.06,1.5683,1.74,1.5683,0.1
26广汽集MTN002(科创债),100.29,1.76,1.0,1.76,0.1
25万华化学MTN004(科创债),100.46,1.6,-2.0,1.6,0.1
25徐工集团MTN004(科创债),100.13,1.59,-2.0,1.59,0.1
26绍兴轨交GN001,99.97,1.69,,1.69,0.1
26山东港口MTN002,100.22,1.67,-1.0,1.67,0.1
25粤科金融MTN001(科创债),100.5,1.64,,1.64,0.1
25深投控MTN001A(科创债),100.37,1.57,-1.0,1.57,0.1
24深燃气MTN001(科创票据),100.55,1.54,,1.54,0.1
24苏州交投MTN002(乡村振兴),100.43,1.52,-1.01,1.52,0.1
25四川债68,103.34,2.273,-0.2,2.273,0.1
26长发集团MTN001,100.19,1.82,-3.0,1.82,0.1
26安徽债64,103.17,2.273,1.0,2.273,0.1
23绍兴高新MTN001,100.06,1.539,1.85,1.539,0.1
24苏州高新MTN007B,101.41,1.7,,1.7,0.1
26河北债04,102.01,1.7574,0.05,1.7574,0.1
24蜀道投资MTN017,100.8,1.545,-1.0,1.545,0.1
26嘉兴科技MTN002,100.5,1.8786,-0.14,1.8786,0.1
26国家能源MTN002,99.83,1.7163,0.13,1.7163,0.1
26徐州产城MTN001,101.61,2.35,-1.0,2.35,0.1
26皖国资MTN003,99.77,1.68,1.0,1.68,0.1
22仁和人寿,102.08,4.7261,4.54,4.7261,0.1
26中交一公MTN001B,100.23,,,,0.1
24淄博城运MTN002A,100.62,1.56,-2.0,1.56,0.1
20国开15,108.61,1.5165,0.4,1.5165,0.1
26广安MTN001,100.25,2.1457,-0.43,2.1457,0.1
24陕投集团MTN001,102.4,1.675,,1.675,0.1
26淮安开发SCP002,100.01,1.5398,,1.5398,0.1
22长沙城投MTN001A,101.59,1.54,,1.54,0.1
26济南产业PPN002B,100.37,2.2487,-0.13,2.2487,0.1
24中联投资MTN003A,100.78,1.59,-1.0,1.59,0.1
26珠海水务MTN001,100.67,1.7922,-0.25,1.7922,0.1
25鄂联投MTN004A,100.64,1.67,1.0,1.67,0.1
26中信建投CP014,100.0,1.4824,-0.75,1.4824,0.1
25恒丰银行债02,100.45,1.547,-0.3,1.547,0.1
25鲁钢铁MTN002,101.51,1.65,-1.0,1.65,0.1
25萍乡创新MTN001A,101.44,1.787,0.7,1.787,0.1
26广州控股MTN001A,100.61,1.71,-3.0,1.71,0.1
24浪潮集团PPN001(科创票据),100.55,1.5582,1.05,1.5582,0.1
25桂交投MTN009,100.58,1.8469,-1.64,1.8469,0.1
25宜春交通MTN003,100.69,1.6854,,1.6854,0.1
24沛县国资PPN004,100.63,2.7484,-2.27,2.7484,0.1
24星城发展MTN001,100.47,2.5427,,2.5427,0.1
25光大集团MTN006B,102.69,2.03,3.0,2.03,0.1
25新庐陵MTN001,101.23,1.62,,1.62,0.1
24诚通控股MTN003B,115.54,2.34,1.4,2.34,0.1
23吉林债13,102.13,1.2955,1.0,1.2955,0.1
22洋河MTN001B,100.94,3.2397,5.83,3.2397,0.1
24中兴通讯MTN002(科创票据),101.25,1.78,1.0,1.78,0.1
26中交四航MTN002,100.18,,,,0.1
25长寿投资PPN004,101.47,1.8723,-3.9,1.8712,0.1
26深燃气SCP001,99.96,1.5,-1.0,1.5,0.1
23交行二级资本债01A,103.68,2.7283,-0.14,2.7283,0.1
25洛阳城投PPN002,102.46,2.0074,-3.26,2.0074,0.1
25中煤矿山MTN001(科创债),100.59,,,,0.1
25大足发展PPN001,101.64,1.7626,,1.7626,0.1
26香格里拉MTN001B(BC),100.74,2.02,1.0,2.02,0.1
22惠民建投MTN002,100.29,1.9101,0.17,1.9101,0.1
24建发集MTN001,102.77,1.9575,-0.25,1.9575,0.1
24农发清发32,100.08,1.1699,1.0,1.1699,0.1
24兖矿能源MTN004,100.12,,,,0.1
26冀建交通MTN002,100.05,1.683,-0.2,1.683,0.1
25华能MTN005,100.94,,,,0.1
25先正达MTN001A,101.26,1.7331,-3.69,1.7331,0.1
24常城建PPN001,102.8,1.6876,-0.24,1.6876,0.1
24中原金控MTN001,101.17,1.7,-5.71,1.7,0.1
25相城城建MTN001,100.72,1.6,1.0,1.6,0.1
26中建四局MTN002,100.51,1.72,-2.0,1.72,0.1
25西安城发MTN001,100.29,1.7234,-1.12,1.7234,0.1
24厦国贸控MTN002,100.57,1.53,0.01,1.53,0.1
26华银电力MTN002,100.05,1.64,,1.64,0.1
26宁国建投MTN001,100.0,1.87,1.0,1.87,0.1
25淮北建投MTN004,102.97,1.91,1.14,1.91,0.1
25远东租赁MTN002,100.78,1.59,,1.59,0.1
24泉州银行二级资本债01,102.12,2.2883,-1.58,2.2883,0.1
24萍乡创新MTN001,100.94,1.62,,1.62,0.1
24武清国资MTN002A,100.77,1.58,-1.99,1.58,0.1
24舟山旅游MTN001,101.03,2.1844,,2.1844,0.1
25长春轨交MTN003A,100.86,1.922,-2.86,1.922,0.1
25五矿集MTN017,101.08,,,,0.1
25广东债04,100.66,1.6153,1.0,1.6153,0.1
24宁波银行二级资本债01,102.23,2.1808,0.03,2.1808,0.1
26新余吉泰PPN002B,99.93,2.415,11.5,2.415,0.1
22临安城投债,101.98,2.7046,0.21,2.7046,0.1
25济宁高新MTN001B,104.54,2.1573,11.59,2.1573,0.1
25鲁宏桥GN003(科创债),102.32,2.6338,50.23,2.6338,0.1
25陕西交通MTN011,101.16,1.75,,1.75,0.1
24北京银行永续债01,101.67,,,,0.1
24滨建投MTN012,101.26,1.62,-1.59,1.62,0.1
23温州银行永续债01,104.37,,,,0.1
25连云港PPN002,102.1,1.9093,,1.9093,0.1
26苏国信CP005,99.92,1.515,0.49,1.515,0.1
20江西债12,101.02,1.04,,1.04,0.1
25上海债23,100.37,1.645,0.84,1.645,0.1
26兴化城投PPN006,100.03,1.706,-3.4,1.706,0.1
26开滦MTN001,100.89,,,,0.1
25上海债30,100.37,1.645,1.75,1.645,0.1
26鲁能源SCP001,99.99,1.4899,-0.98,1.4899,0.1
26京能源CP002,100.0,1.4999,1.99,1.4999,0.1
23广州高新MTN001,100.48,1.58,,1.58,0.1
24锦江国际MTN001,100.47,,,,0.1
26东裕9号ABN001优先A,99.96,,,,0.1
22首开MTN004,100.2,2.6902,-20.71,2.6902,0.1
25晋江城投MTN003,100.9,1.9326,-0.26,1.9326,0.1
24工行二级资本债02BC,102.15,2.0801,1.0,2.0801,0.1
22粤交投MTN002,101.34,1.525,1.0,1.525,0.1
25大丰海港MTN001,102.67,2.02,-5.7,2.02,0.1
25国网租赁MTN006,100.4,1.54,,1.54,0.1
24广发银行二级资本债01B,102.24,2.0995,0.65,2.0995,0.1
24青岛农商,100.34,1.51,-0.5,1.51,0.1
21建设银行二级04,109.72,2.6928,-1.08,2.6928,0.1
25江苏银行永续债01BC,101.1,,,,0.1
23汇金MTN006B,102.69,1.59,-0.5,1.59,0.1
23金融街MTN007,100.14,2.5446,-107.85,2.5446,0.1
26麓山投资MTN002,100.7,1.8661,-2.11,1.8661,0.1
24重庆债17,104.06,1.4134,0.84,1.4134,0.1
25中信银行CD338,98.37,1.4501,1.01,1.4501,0.1
18附息国债27,104.87,1.0025,1.0,1.0025,0.1
26中核MTN002,100.08,1.71,1.0,1.71,0.1
24荣盛MTN003,100.74,1.6,0.5,1.6,0.1
24电网MTN002,100.53,1.545,1.5,1.545,0.1
26京能租赁CP002,100.0,1.4799,,1.4799,0.1
21华润银行二级,100.63,3.7638,1.15,3.7638,0.1
25华能MTN002,100.34,1.555,-1.75,1.555,0.1
26顺控发展MTN001(并购),99.97,1.7261,1.0,1.7261,0.1
23附息国债15,102.21,1.18,0.5,1.18,0.1
25望城经开PPN001,101.27,2.1261,-0.88,2.1261,0.1
25广发银行CD304,98.79,1.3884,-1.14,1.3884,0.1
26杭州银行债02B,100.03,1.6,1.0,1.6,0.1
23进出07,104.89,1.5087,-1.13,1.5087,0.1
24中陕核工MTN002,100.72,,,,0.09
25滨州财金MTN002,102.18,1.9071,-1.22,1.9071,0.09
25附息国债15,100.32,1.2479,0.04,1.249,0.088
22富邦华一永续债01,102.48,,,,0.084
24万盛经开MTN001,101.03,1.7277,-4.77,1.7277,0.08
24巴中发展MTN001,101.34,1.6452,-5.83,1.6452,0.08
24桂交投MTN013A,100.61,,,,0.08
25中电金投MTN001,100.26,1.536,-0.41,1.536,0.08
22工行二级资本债03B,107.77,2.4991,3.97,2.4991,0.08
23中原银行永续债01,105.44,,,,0.08
24民生银行永续债02,102.52,,,,0.075
25浙江交工MTN001A,102.13,,,,0.07
23中交城投MTN001(可持续挂钩),100.24,1.5192,1.82,1.5192,0.063
25中铁建投MTN001A,100.64,,,,0.06
25东裕5号ABN001次,104.29,,,,0.06
24常州投资MTN002,100.6,1.5404,,1.5404,0.06
25保利久联MTN001,100.18,3.6153,-37.94,3.5996,0.06
25靖江城投PPN001,101.48,1.6354,1.26,1.6354,0.06
24青岛黄岛PPN002,100.73,2.1306,-0.21,2.1306,0.06
24国开清发01,104.55,1.5425,1.0,1.5425,0.0592
25工元至诚普银5C,114.62,,,,0.059
25美团美玥ABN003次,103.8,,,,0.05
24临沂商城PPN001,104.35,2.5656,-3.28,2.5656,0.05
26西岸旅游MTN001,101.15,2.37,,2.37,0.05
24云能投MTN007,101.03,,,,0.05
26中行永续债01BC,100.5,,,,0.05
25国信产融MTN001,100.92,1.704,,1.704,0.05
23福州左海MTN002,103.08,1.6029,-1.46,1.6029,0.05
26澄晴ABN004优先,99.93,,,,0.05
25合川城投PPN006,103.33,2.0627,-1.6,2.0627,0.05
24赣建工MTN001A,100.47,2.5277,0.44,2.5277,0.05
24厦门海翼MTN004(科创票据),100.9,1.6901,-2.99,1.6901,0.05
25东樾1号ABN001中间,100.15,,,,0.05
26惠臻ABN010优先B,100.0,,,,0.045
23临空港投MTN002,100.07,1.6238,,1.6238,0.043
25晋交投MTN001,100.23,1.545,-0.5,1.545,0.04
26中交三航MTN006,100.35,,,,0.04
24融汇财富MTN001A,100.59,1.6503,,1.6503,0.038
21许昌投资PPN001,100.11,1.7877,5.09,1.7877,0.033
26湖州经开MTN003,100.05,1.768,-0.59,1.768,0.03
24正泰MTN001(科创票据),100.74,1.7529,-9.21,1.7529,0.03
24青岛军民MTN003A,100.69,2.2571,-0.03,2.2571,0.03
24衢州国资MTN001,100.6,1.5366,0.05,1.5366,0.03
26美满华年ABN003次,101.31,,,,0.03
20附息国债16,108.69,1.135,0.75,1.135,0.0287
25农发清发02,100.05,1.3142,2.41,1.3142,0.026
25惠元2C,113.44,,,,0.022
24臻金3C,126.38,,,,0.0206
25工元至诚普银4C,115.83,,,,0.02
25工元至诚惠银2C,31.28,,,,0.02
25三峡文旅MTN002,101.07,2.4734,,2.4734,0.02
26荆门城投SCP001,100.01,1.5689,0.63,1.5689,0.02
24石狮国运MTN001,100.62,1.6061,-1.63,1.6061,0.02
26昆明产投MTN002,99.97,2.3299,,2.3259,0.02
25华夏银行CD312,98.44,1.4451,0.52,1.4451,0.014
26交通银行CD073,98.89,1.4401,0.25,1.4401,0.012
24华阳新材MTN011,100.96,1.6664,-1.36,1.6664,0.01
26平安银行CD018,98.89,1.4452,0.78,1.4452,0.01
25太重MTN004(科创债),100.8,,,,0.01
16附息国债08,123.81,2.0405,0.55,2.0405,0.005
21附息国债03,145.33,2.1675,-1.25,2.1675,0.002
23浙江债72,108.11,1.53,,1.53,
26国开清发04,101.6,1.67,1.0,1.67,
24广东债80,104.19,1.8077,-0.81,1.8077,
24招商蛇口MTN002,100.5,1.645,-1.5,1.645,
23昆山国创MTN001,100.39,1.5249,0.23,1.5249,
26湖南债12,101.91,1.77,-0.2,1.77,
26昆仑金租债01,99.92,1.65,-4.0,1.65,
23重庆债07,116.76,2.0375,,2.0375,
23湖南138,103.13,1.2723,0.73,1.2723,
24重庆债46,103.46,1.61,-1.25,1.61,
24内蒙古债28,103.2,1.6324,,1.6324,
19新疆债15,123.47,1.815,,1.815,
25山东债26,102.39,1.88,0.5,1.88,
24广东债93,105.4,1.815,-1.39,1.815,
22广东债08,117.54,1.9525,1.06,1.9525,
24义乌商品MTN001,100.98,1.57,-2.0,1.57,
25光大集团MTN005B,102.12,1.98,,1.98,
26广发银行债01BC,99.98,1.575,0.5,1.575,
23湖南99,108.54,1.5221,0.91,1.5221,
22上海30,107.45,1.4625,3.0,1.4625,
26苏交通MTN004,100.11,1.725,-0.5,1.725,
26中联重科MTN002(科创债),100.13,1.89,0.5,1.89,
26中联重科MTN002(科创债),100.13,1.89,0.5,1.89,
24陕西31,104.06,1.588,1.05,1.588,
24江西债51,104.73,1.585,,1.585,
26东莞银行二级资本债02,100.3,1.9164,-1.29,1.9164,
25建设银行CD392,98.38,1.4345,-0.28,1.4345,
24辽宁债07,104.2,1.441,0.94,1.441,
24内蒙古02,104.75,1.44,2.0,1.44,
26华润控股MTN004,99.4,1.95,-2.95,1.95,
26江西40,100.0,2.28,0.76,2.28,
26厦门国际银行CD078,98.89,1.495,0.01,1.495,
26陕西债52,100.16,2.25,1.0,2.25,
25滁州城投MTN001,100.96,1.9679,-0.19,1.9679,
26苏交通SCP004,100.01,1.4398,-2.0,1.4398,
25申迪MTN001,101.22,1.72,0.5,1.72,
25宝武集团MTN001,100.88,1.685,1.0,1.685,
26中国物流MTN002,100.14,1.68,-4.0,1.68,
26广西29,99.92,1.7685,-0.15,1.7685,
25淮南矿MTN001,101.08,1.6025,-1.67,1.6025,
26合肥高新MTN001,100.52,1.7013,-3.87,1.7013,
26中机公司SCP001,100.02,1.5502,1.0,1.5502,
26电网MTN018,102.13,2.255,1.0,2.255,
24农发清发09,100.39,1.305,,1.305,
25晋城国资CP001,100.03,1.5502,,1.5502,
19黑龙江债03,105.35,1.22,,1.22,
26江铜股份MTN002A(并购),100.35,2.1009,0.18,2.1009,
26夏商SCP018,100.0,1.5201,,1.5201,
23四川港投MTN001,100.2,1.5299,,1.5299,
25招商平安MTN002B,100.51,,,,
25美团美玥ABN003次,103.8,,,,
21宁波债24,119.13,1.9636,,1.9636,
26中信建投CP009,99.99,1.4701,0.71,1.4701,
26萍乡国盛MTN001B,101.17,2.13,,2.13,
23附息国债02,102.04,1.09,1.0,1.09,
26青岛国信MTN008B,100.0,2.3899,0.58,2.3899,
26法农银行债01B(BC),100.06,1.8475,1.0,1.8475,
26武金控SCP004,100.01,1.5651,-0.48,1.5651,
26沪电气MTN002(科创债/并购),100.05,1.67,1.0,1.67,
24融汇财富MTN001A,100.59,1.6503,,1.6503,
26海南农垦MTN001(并购),100.01,1.737,-0.29,1.737,
25江门建设MTN001A,101.06,1.587,-4.72,1.587,
26广东农垦SCP001,100.01,1.5005,1.58,1.5005,
26奉化投资PPN003,99.83,1.6959,-0.6,1.6959,
25晋交投MTN001,100.23,1.545,-0.5,1.545,
26上海大唐SCP001,100.0,1.5403,,1.5403,
26浩吉铁路SCP004(乡村振兴),99.96,1.495,-3.5,1.495,
25平安银行永续债02BC,101.89,,,,
26南京银行CD249,99.28,1.4649,,1.4649,
26中国银行CD016,98.92,1.4639,0.63,1.4639,
26扬州建工PPN002,100.13,1.7647,2.46,1.7647,
23临空港投MTN002,100.07,1.6238,,1.6238,
22济南城建PPN001,101.23,1.5343,,1.5343,
25武金控MTN004,100.88,2.0104,1.0,2.0104,
24贵州高速MTN012,101.01,1.5571,-3.82,1.5571,
22甘肃债23,104.36,1.31,,1.31,
26甬交投集MTN002,100.11,,,,
25厦国贸控MTN004,101.23,,,,
26湖南债05,103.68,2.2775,0.5,2.2775,
26阜阳建投PPN001,100.4,1.74,-4.29,1.74,
24南电MTN003,102.06,1.6125,-2.25,1.6125,
23电建地产MTN003,100.04,2.43,-1.97,2.43,
26郑州公用MTN002,99.91,2.34,1.0,2.34,
24邮政MTN006,100.5,1.515,-0.76,1.515,
26天津债56,100.86,2.28,-1.25,2.28,
26天津53,103.02,2.28,-1.75,2.28,
26大足发展PPN003,100.04,1.7099,-0.64,1.7099,
25渝科学城MTN002,102.71,1.78,-1.0,1.78,
26渝保税MTN002,99.81,1.84,1.0,1.84,
22中广核MTN001,101.43,1.515,-1.5,1.515,
25上海城开MTN001,100.41,1.7445,1.06,1.7445,
21浙江49,109.03,1.4,-1.5,1.4,
26青岛农商行CD030,98.79,1.7399,27.0,1.7399,
26海淀国资MTN002B,101.27,1.855,-0.5,1.855,
26江西交投MTN004,99.87,1.64,1.0,1.64,
24建行TLAC非资本债01B,101.31,1.7502,0.14,1.7502,
24北京银行01,100.49,1.46,-0.51,1.46,
26首钢股份SCP001,99.99,1.4896,0.99,1.4896,
25中信银行二级资本债01BC,100.98,1.8658,-0.05,1.8658,
25中信银行二级资本债01BC,100.98,1.8658,-0.05,1.8658,
25农业银行CD403,98.41,1.4423,0.22,1.4423,
21浙江债67,120.66,1.9275,-1.65,1.9275,
24交行债01,100.51,1.4601,0.01,1.4601,
23厦门国际银行01,100.28,1.3899,3.0,1.3899,
25武金控MTN003,101.06,,,,
26苏元禾MTN002A(科创债),99.68,1.7,1.0,1.7,
23四川42,105.04,1.37,,1.37,
25中电投MTN004(能源保供特别债),101.1,,,,
25中电投MTN004(能源保供特别债),101.1,,,,
25立讯精工SCP007(科创债),100.0,1.5882,-1.1,1.5882,
23附息国债06,105.38,1.23,-0.5,1.23,
26广州银行CD112,98.52,1.4975,,1.4975,
26山东港口MTN004(并购),99.77,1.68,-0.5,1.68,
25附息国债06,100.2,1.1749,0.98,1.1749,
25附息国债06,100.2,1.1749,0.98,1.1749,
25附息国债06,100.2,1.1749,0.98,1.1749,
25附息国债06,100.2,1.1749,0.98,1.1749,
25附息国债06,100.2,1.1749,0.98,1.1749,
25附息国债06,100.2,1.1749,0.98,1.1749,
25附息国债06,100.2,1.1749,0.98,1.1749,
25附息国债06,100.2,1.1749,0.98,1.1749,
24招商局MTN003,100.06,1.4701,1.01,1.4701,
26太湖新城MTN010,100.26,,,,
26太湖新城MTN010,100.28,,,,
26静海城投MTN002,100.0,2.1999,1.0,2.1999,
26静海城投MTN002,100.0,2.1999,1.0,2.1999,
26静海城投MTN002,100.0,2.1999,1.0,2.1999,
26广东债20,103.58,2.2325,0.75,2.2325,
26广州银行CD150,98.9,1.4849,,1.4849,
24正泰MTN001(科创票据),100.74,1.7529,-9.21,1.7529,
26湖南建设MTN001,100.62,2.0,-11.06,2.0,
24续作特别国债01,104.69,1.5425,1.0,1.5425,
24广东债14,104.72,1.42,,1.42,
26国能租赁SCP002,99.97,1.4999,-0.52,1.4999,
26重庆农村商行CD139,98.53,1.495,,1.495,
22国新控股MTN004(能源保供特别债),101.44,1.52,-1.0,1.52,
26锡产业SCP013,99.99,1.52,1.0,1.52,
24空港兴城MTN001,100.55,2.2695,1.4,2.2695,
22苏城投MTN001A,101.31,1.5199,,1.5199,
26京基投SCP001,99.98,1.4851,0.51,1.4851,
26长电MTN004,100.2,2.0375,-0.25,2.0375,
26北京债44,100.01,1.488,0.12,1.488,
26青岛城投MTN003,100.18,1.8858,1.0,1.8858,
25云建投MTN003,100.37,1.58,-4.11,1.58,
24华阳新材MTN008,102.04,2.22,-18.0,2.22,
26中信银行CD149,98.93,1.4601,-0.25,1.4601,
25南电MTN008,101.18,1.7506,-0.25,1.7506,
26重庆发展MTN001,101.92,2.17,1.0,2.17,
25浦发银行科创债01,100.28,1.49,1.0,1.49,
19河南13,115.27,1.53,0.06,1.53,
26中铝集SCP002,100.0,1.4514,2.14,1.4514,
25中电投MTN001B,101.24,,,,
26东北电力SCP002,100.0,1.4799,-0.05,1.4799,
26浦发银行CD061,98.49,1.4619,0.29,1.4619,
26青岛国信MTN008A,99.91,1.87,1.0,1.87,
24东台国资PPN001,100.61,1.6206,,1.6206,
23连云港PPN006,100.46,1.537,-0.87,1.537,
25金东城投PPN001,101.38,1.6881,,1.6881,
25深投控MTN005,100.72,1.615,,1.615,
26民生银行CD047,98.48,1.4718,0.18,1.4718,
26中建二局SCP004,99.96,1.4999,-0.52,1.4999,
24株国投MTN009A,100.82,1.6236,0.48,1.6236,
25中信银行CD345,98.37,1.4398,0.01,1.4398,
25科学广州MTN001,100.89,1.6915,-1.29,1.6915,
26渤海化工MTN003,100.28,2.137,,2.137,
25陕煤化MTN001,101.93,,,,
24邯郸交投PPN005,102.74,1.8355,-1.97,1.8355,
25滨江房产MTN001,100.82,2.2364,0.11,2.2364,
21河北债61,109.97,1.5625,1.0,1.5625,
23滁州经开MTN001,100.34,1.5502,3.95,1.5502,
25恒丰银行二级资本债01,101.88,2.1216,0.11,2.1216,
24江苏银行债01BC,100.71,1.5,-0.25,1.5,
25工元至诚普银5C,114.62,,,,
25柯桥开发MTN001,100.84,1.61,-1.0,1.61,
26绍兴银行CD029,98.51,1.5201,,1.5201,
25华润控股MTN003A,100.37,1.68,-1.71,1.68,
26国华投资SCP003,100.0,1.4799,1.0,1.4799,
24建行二级资本债02B,103.12,2.0893,-0.3,2.0893,
23浙江债62,111.66,2.035,0.5,2.035,
26首开MTN008A,99.85,2.7935,-0.01,2.7935,
25洪山国投MTN002,102.13,1.8,1.0,1.8,
22内蒙古债01,107.66,1.4806,,1.4806,
26华夏金租债03,99.85,1.6825,0.25,1.6825,
26广东债22,104.39,2.275,0.5,2.275,
25江西交投MTN003,100.15,1.595,-0.5,1.595,
26中交一公SCP012,99.96,1.4999,1.0,1.4999,
24云能投MTN007,101.03,,,,
26海发宝诚SCP006,100.0,1.5104,0.55,1.5104,
24四川债44,105.41,1.8292,1.0,1.8292,
23晋能煤业MTN012,100.49,1.5101,1.0,1.5101,
26建安投资MTN002A,100.02,1.72,-5.0,1.72,
22中信集团MTN004A,101.06,1.4999,,1.4999,
20厦门债08,114.57,1.6387,,1.6387,
24京国资MTN007,100.66,1.54,-1.0,1.54,
24涪陵新城MTN001A,100.67,1.565,-0.49,1.565,
21河北24,110.68,1.5342,,1.5342,
26上饶投资PPN002,99.92,1.85,10.0,1.85,
26黑龙江债06,101.32,1.769,-1.1,1.769,
26遂宁银行CD018,98.16,1.8755,,1.8755,
24龙城发展MTN005A,100.93,1.56,,1.56,
24汇金MTN009,100.78,1.65,1.0,1.65,
22工行二级资本债03B,107.77,2.4991,3.97,2.4991,
20山西债11,120.36,1.876,,1.876,
25中交地产MTN001,100.59,1.8001,,1.8001,
26越秀资本MTN006,99.91,2.32,1.0,2.32,
26云天化MTN002(科创债),99.97,1.79,-5.55,1.79,
26国网租赁SCP004,100.0,1.4709,-2.83,1.4709,
26杭州银行CD064,99.28,1.4402,-0.54,1.4402,
26建设银行CD241,98.53,1.4855,0.05,1.4855,
26华银电力MTN001,100.07,1.63,,1.63,
26工商银行CD106,98.54,1.478,0.05,1.478,
22清远德晟MTN001,100.77,1.5843,-0.17,1.5843,
24兴创投资MTN003,100.49,2.0159,,2.0159,
25宁经开MTN001,101.4,2.0659,-0.63,2.0659,
26新疆银行CD029,98.49,1.5349,,1.5349,
26北部湾MTN006B,100.18,1.96,,1.96,
26民生银行永续债01,100.9,,,,
26中兴通讯SCP028,99.99,1.4799,1.97,1.4799,
26泉州交通MTN003,100.02,1.785,-0.45,1.785,
25滨州财金MTN002,102.18,1.9071,-1.22,1.9071,
25三峡文旅MTN002,101.07,2.4734,,2.4734,
24青岛军民MTN003A,100.69,2.2571,-0.03,2.2571,
26江苏银行CD096,98.55,1.4824,0.24,1.4824,
26紫金矿业MTN003(并购),99.98,1.6629,0.29,1.6629,
23江西债28,109.11,1.4995,2.43,1.4995,
26中行永续债01BC,100.5,,,,
24威海城投MTN001A,100.63,2.677,0.9,2.677,
26昆明交投SCP001,100.03,1.9798,1.0,1.9798,
26中远海发MTN003(转型),99.96,2.0941,1.41,2.0941,
23广州银行绿色债02,100.24,1.4001,-2.99,1.4001,
26江苏银行债02,99.95,1.5875,1.0,1.5875,
20国开20,124.18,1.9025,0.25,1.9025,
21广东债92,104.22,1.175,,1.175,
26平安租赁CP003,99.94,1.57,-0.92,1.57,
26邢台路桥PPN001,102.51,2.29,-6.93,2.29,
26中远海运SCP004,100.0,1.3599,,1.3599,
24江西债26,110.08,2.155,,2.155,
23江西债66,117.21,2.155,,2.155,
23河钢集MTN013,100.06,1.5683,1.74,1.5683,
23沪国资MTN002,100.13,1.4802,-0.94,1.4802,
19福建03,105.18,1.2745,18.64,1.2745,
26广汽集MTN002(科创债),100.29,1.76,1.0,1.76,
25万华化学MTN004(科创债),100.46,1.6,-2.0,1.6,
25徐工集团MTN004(科创债),100.13,1.59,-2.0,1.59,
26核风电GN008,100.0,1.3999,,1.3999,
26山东港口MTN002,100.22,1.67,-1.0,1.67,
24中铁一局ABN001优先(科创票据),100.6,,,,
26农业银行CD174,98.9,1.48,1.0,1.48,
26广州地铁SCP002,100.0,1.5188,1.86,1.5188,
25粤科金融MTN001(科创债),100.5,1.64,,1.64,
25深投控MTN001A(科创债),100.37,1.57,-1.0,1.57,
24深燃气MTN001(科创票据),100.55,1.54,,1.54,
26中信银行CD082,98.89,1.4399,-0.01,1.4399,
26海曙广聚MTN003,100.5,1.82,-3.0,1.82,
26山东债78,101.45,2.273,1.0,2.273,
25四川债68,103.34,2.273,-0.2,2.273,
26山东债67,102.96,2.2725,-0.25,2.2725,
26安徽债64,103.17,2.273,1.0,2.273,
23绍兴高新MTN001,100.06,1.539,1.85,1.539,
24苏州高新MTN007B,101.41,1.7,,1.7,
25交通银行CD229,98.38,1.4397,1.26,1.4397,
26河北债04,102.01,1.7574,0.05,1.7574,
24蜀道投资MTN017,100.8,1.545,-1.0,1.545,
25国信证券CP016,100.0,1.4625,1.07,1.4625,
25绍兴柯桥MTN001,102.91,2.1311,-1.07,2.1311,
26广发银行CD014,98.45,1.4601,1.0,1.4601,
21湖北债03,109.12,1.399,6.53,1.399,
25南康城发PPN001,103.58,2.06,-22.13,2.06,
19浙江债02,104.96,1.265,,1.265,
26宝钢MTN004(科创债),99.96,1.5148,1.0,1.5148,
26中信银行CD262,98.91,1.4699,,1.4699,
24钦州开投MTN001B,85.92,,,,
26上海农商银行CD002,99.24,1.3779,-0.4,1.3779,
26湖北宏泰MTN001,100.8,1.7,,1.7,
20国开15,108.61,1.5165,0.4,1.5165,
23江苏债03,124.86,2.143,1.0,2.143,
22上海28,104.22,1.3175,-0.42,1.3175,
26淮安开发SCP002,100.01,1.5398,,1.5398,
26中信银行CD074,98.52,1.4624,0.23,1.4624,
26中国银行CD058,98.54,1.485,0.5,1.485,
26浙江泰隆商行CD003,98.52,1.48,-1.51,1.48,
22鲁能源MTN005,101.97,1.54,1.0,1.54,
26河南债47,102.8,2.28,0.5,2.28,
26宁波21,102.67,2.276,,2.276,
25河南债65,101.95,2.278,0.65,2.278,
24皖能股MTN001,102.0,1.675,-1.0,1.675,
24中联投资MTN003A,100.78,1.59,-1.0,1.59,
23中交城投MTN001(可持续挂钩),100.24,1.5192,1.82,1.5192,
24中石化MTN003,100.06,1.4701,1.0,1.4701,
25农发清发32,100.31,1.4125,-0.25,1.4146,
26济南能源MTN002A,99.91,1.82,-1.0,1.82,
20铁道07,108.45,1.544,,1.544,
25鄂联投MTN004A,100.64,1.67,1.0,1.67,
23太原国投MTN001,100.22,3.337,,3.337,
23重庆农商行债01,100.03,1.3495,2.93,1.3495,
21进出10,108.5,1.545,1.0,1.545,
26淮安投资SCP002,100.0,1.5298,,1.5298,
25恒丰银行债02,100.45,1.547,-0.3,1.547,
26中石化MTN002(科创债),100.45,1.7012,0.12,1.7012,
25工商银行CD263,98.36,1.3805,0.98,1.3805,
25苏州高新MTN002,101.07,,,,
26湖州城投MTN008,100.05,1.83,1.0,1.83,
26工商银行CD101,98.91,1.4601,0.47,1.4601,
22杭州银行二级资本债01,101.69,2.8414,0.15,2.8414,
26宁波银行CD244,99.27,1.465,,1.465,
26广州控股MTN001A,100.61,1.71,-3.0,1.71,
25国信产融MTN001,100.92,1.704,,1.704,
24浪潮集团PPN001(科创票据),100.55,1.5582,1.05,1.5582,
24星城发展MTN001,100.47,2.5427,,2.5427,
26工商银行CD037,98.5,1.4599,-0.02,1.4599,
26榆林能源MTN003,100.03,,,,
22武汉生态MTN003,102.06,1.5522,-1.56,1.5522,
25株洲城建PPN003,103.36,1.9059,-2.17,1.9059,
26兴业银行CD161,99.29,1.4499,,1.4499,
23四川债35,108.26,1.51,,1.51,
23吉林债13,102.13,1.2955,1.0,1.2955,
25陕建集团MTN002,97.05,,,,
24华夏银行债01,100.49,1.4501,1.0,1.4501,
22洋河MTN001B,100.94,3.2397,5.83,3.2397,
24陕建集团MTN004(科创票据),95.78,8.0,,8.0,
25南电CP008,100.02,1.4499,,1.4499,
25恒廷实业MTN001,101.11,1.62,-2.0,1.62,
26工商银行CD033,98.85,1.4403,1.27,1.4403,
26深燃气SCP001,99.96,1.5,-1.0,1.5,
24天津银行二级资本债01,102.5,2.3891,-0.01,2.3891,
25洛阳城投PPN002,102.46,2.0074,-3.26,2.0074,
24开滦MTN004(科创票据),102.74,,,,
24晋能煤业MTN008,102.29,,,,
25中煤矿山MTN001(科创债),100.59,,,,
26锦江国际MTN002,100.62,2.09,-0.75,2.09,
25杭州银行CD236,98.76,1.3898,2.12,1.3898,
25日照城投MTN002A,101.12,2.0585,,2.0585,
25日照城投MTN002A,101.12,2.0585,,2.0585,
26南电MTN003,100.17,1.7101,1.0,1.7101,
26香格里拉MTN001B(BC),100.74,2.02,1.0,2.02,
22惠民建投MTN002,100.29,1.9101,0.17,1.9101,
24建发集MTN001,102.77,1.9575,-0.25,1.9575,
25中银证券CP004,100.05,1.4701,1.0,1.4701,
25浙商银行CD157,98.41,1.4426,-0.25,1.4426,
24兖矿能源MTN004,100.12,,,,
26冀建交通MTN002,100.05,1.683,-0.2,1.683,
26杭州银行CD051,98.51,1.4676,1.0,1.4676,
16附息国债23,100.27,0.8202,0.03,0.8202,
21张家口银行永续债,100.38,,,,
24安徽债75,100.99,1.3465,0.4,1.3465,
25东兴证券CP007,100.03,1.47,-0.01,1.47,
21川高速MTN007,100.04,1.4805,-1.92,1.4805,
25先正达MTN001A,101.26,1.7331,-3.69,1.7331,
24常城建PPN001,102.8,1.6876,-0.24,1.6876,
26浦发银行CD088,98.52,1.4649,0.49,1.4649,
26工商银行CD161,98.54,1.485,-12.5,1.485,
26宁德时代MTN006A(科创债),99.46,1.6149,0.09,1.6149,
21四川52,117.83,1.6698,1.0,1.6698,
26津城建MTN016,100.52,2.58,-1.0,2.58,
25相城城建MTN001,100.72,1.6,1.0,1.6,
26国开绿债01清发,100.47,1.3,-1.43,1.3,
21江苏29,116.06,1.655,,1.655,
26中建四局MTN002,100.51,1.72,-2.0,1.72,
26陕西债44,100.0,1.76,1.0,1.76,
26苏州高新SCP019,100.01,1.5099,1.22,1.5099,
26杭州联合银行CD077,98.9,1.49,,1.49,
24东莞银行二级资本债01,102.49,2.2619,-0.27,2.2619,
26重庆机场MTN002,99.81,1.75,-0.73,1.75,
26中信银行CD239,98.54,1.485,1.0,1.485,
26鲁能源MTN002(科创债),100.0,,,,
22海江投资MTN002,102.03,1.5511,-1.2,1.5511,
25西安城发MTN001,100.29,1.7234,-1.12,1.7234,
26建发集MTN003,100.14,2.15,1.0,2.15,
26中航租赁MTN001,100.44,1.7016,-1.62,1.7016,
26淮安新城MTN006,100.13,1.6318,-2.53,1.6318,
26华银电力MTN002,100.05,1.64,,1.64,
26信达投资MTN002B,100.42,2.5384,0.01,2.5384,
26苏交通SCP005,100.0,1.4701,1.0,1.4701,
26东北电力SCP004,99.96,1.56,5.01,1.56,
26建行永续债01BC,100.36,,,,
23天津83,102.91,1.2925,-0.42,1.2925,
25淮北建投MTN004,102.97,1.91,1.14,1.91,
26中国银行CD039,99.27,1.455,0.49,1.455,
26皖能股SCP003,100.0,1.4474,0.64,1.4474,
26中粮SCP006,100.0,1.4389,1.01,1.4389,
26睿新ABN003优先,100.0,,,,
24招商银行三农债,100.47,1.4501,0.01,1.4501,
25远东租赁MTN002,100.78,1.59,,1.59,
24泉州银行二级资本债01,102.12,2.2883,-1.58,2.2883,
26赣粤SCP001,100.0,1.4801,-1.0,1.4801,
25浙商证券CP011,100.0,1.4596,,1.4596,
24武清国资MTN002A,100.77,1.58,-1.99,1.58,
25知识城SCP007,100.0,1.4989,1.0,1.4989,
26工商银行CD162,99.27,1.4601,0.27,1.4601,
14国开17,110.36,1.45,0.32,1.45,
24舟山旅游MTN001,101.03,2.1844,,2.1844,
21安徽债54,100.41,0.9201,,0.9201,
21江苏债22,100.24,0.9196,15.94,0.9196,
26红塔证券CP003,100.0,1.4795,2.81,1.4795,
26南航集SCP004,99.94,1.5076,-0.24,1.5076,
26徽商银行CD034,98.49,1.4675,1.0,1.4675,
26兴业证券CP001,100.01,1.4597,0.5,1.4597,
25广东债04,100.66,1.6153,1.0,1.6153,
25华夏银行CD312,98.44,1.4451,0.52,1.4451,
26平安银行CD018,98.89,1.4452,0.78,1.4452,
26新余吉泰PPN002B,99.93,2.415,11.5,2.415,
26建行TLAC非资本债01A(BC),100.05,1.6751,-0.19,1.6751,
24农发清发07,103.55,1.5387,-0.58,1.5387,
26长春轨交MTN001,101.16,,,,
25鲁宏桥GN003(科创债),102.32,2.6338,50.23,2.6338,
26象屿股份MTN001,100.9,,,,
24四川债65,105.08,1.8451,1.0,1.8451,
26江苏38,99.59,1.603,0.12,1.603,
26中国银行CD007,99.29,1.4348,1.0,1.4348,
26邮政SCP004,99.95,1.49,0.99,1.49,
25太重MTN004(科创债),100.8,,,,
20湖南39,105.65,1.3828,-0.75,1.3828,
24赣建工MTN001A,100.47,2.5277,0.44,2.5277,
24宁波通商银行二级资本债01,102.33,2.2682,-0.12,2.2682,
24厦门海翼MTN004(科创票据),100.9,1.6901,-2.99,1.6901,
24湖北银行永续债01,101.87,,,,
24石狮国运MTN001,100.62,1.6061,-1.63,1.6061,
23温州银行永续债01,104.37,,,,
24济南轨交MTN002,102.02,1.685,-2.5,1.685,
26江西交投SCP004,99.97,1.4957,,1.4957,
26银河证券CP006,99.99,1.4799,1.01,1.4799,
25天风证券CP002,100.03,1.5697,3.26,1.5697,
26深圳地铁MTN007B,101.12,2.37,-0.5,2.37,
25潞安MTN006A,100.51,,,,
22云南债27,101.52,0.95,,0.95,
25华电MTN003A,100.75,,,,
25上海债23,100.37,1.645,0.84,1.645,
25中交城投MTN003,100.43,1.6922,-0.56,1.6922,
26兴化城投PPN006,100.03,1.706,-3.4,1.706,
26华电股SCP002,99.96,1.4702,-1.97,1.4702,
26上海银行CD047,98.52,1.4849,0.5,1.4849,
26四川25,103.94,2.23,-0.6,2.23,
25广东债56,104.12,2.0019,1.19,2.0019,
26烟台业达MTN001,101.01,1.9201,-2.69,1.9201,
26鲁能源SCP001,99.99,1.4899,-0.98,1.4899,
26京能源CP002,100.0,1.4999,1.99,1.4999,
23广州高新MTN001,100.48,1.58,,1.58,
26龙岩交通MTN001,100.93,1.8863,-0.37,1.8863,
24锦江国际MTN001,100.47,,,,
23广东债47,114.67,2.03,0.4,2.03,
24宁河西PPN001,101.05,1.56,-0.5,1.56,
26东裕9号ABN001优先A,99.96,,,,
26农业银行CD157,98.53,1.4825,1.0,1.4825,
24福建债36,104.59,1.5953,1.0,1.5953,
23进出口行二级资本债01,102.65,2.6916,1.48,2.6916,
24中交房产MTN001,100.05,2.5589,-0.12,2.5589,
26兴业银行CD154,99.64,1.4399,0.22,1.4399,
24闽漳龙MTN004,101.4,1.7407,-6.46,1.7407,
26海南债14,104.3,2.3025,-2.75,2.3025,
22宁波债29,104.55,1.311,0.22,1.311,
22安徽债55,104.48,1.3,,1.3,
24工行二级资本债02BC,102.15,2.0801,1.0,2.0801,
25大丰海港MTN001,102.67,2.02,-5.7,2.02,
24乌城投MTN005,101.38,1.68,-2.0,1.68,
24安徽债72,103.79,1.615,0.03,1.615,
21建设银行二级04,109.72,2.6928,-1.08,2.6928,
26电网SCP018,99.97,1.52,-0.98,1.52,
23云南债13,105.05,1.375,,1.375,
20浙江债10,114.07,1.6075,0.75,1.6075,
20浙江债10,114.07,1.6075,0.75,1.6075,
25奔驰财务MTN001BC,100.38,1.61,-3.5,1.61,
26湖北债23,103.67,2.21,1.0,2.21,
25国开13,100.12,1.42,1.0,1.42,
25江苏债42,101.51,1.455,-0.25,1.455,
24汇金MTN004,100.45,1.4999,-0.01,1.4999,
26广东南粤银行CD087,98.95,1.348,-0.19,1.348,
23汇金MTN006B,102.69,1.59,-0.5,1.59,
26江苏债17,100.63,1.5779,1.0,1.5779,
24晋能煤业MTN013,101.09,1.585,-0.5,1.585,
22陕西债65,114.91,2.0225,0.1,2.0225,
26杭州银行CD067,99.28,1.4399,,1.4399,
25深燃气SCP004(科创债),100.0,1.4614,1.17,1.4614,
24福建债25,105.24,1.8222,-0.75,1.8222,
25中信银行CD338,98.37,1.4501,1.01,1.4501,
26渝惠通CP001,100.03,1.55,,1.55,
18附息国债27,104.87,1.0025,1.0,1.0025,
26浙江债41,100.01,1.4873,0.05,1.4873,
23泰交通MTN002,100.21,1.58,,1.58,
24中铝集MTN004,102.61,1.98,-5.0,1.98,
26农业银行CD040,98.01,2.4533,-0.2,2.4533,
26宁波银行CD181,98.04,2.2085,-0.14,2.2085,
25浙交投MTN004,100.29,1.6,-1.0,1.6,
26渤海银行CD313,98.9,1.485,1.0,1.485,
24山东债18,104.36,1.407,,1.407,
26渝高速MTN002,100.09,1.77,1.0,1.77,
26国开清发09,99.97,1.665,-0.5,1.665,
26建设银行CD064,98.9,1.4501,1.0,1.4501,
25安徽债69,101.43,1.8919,1.0,1.8919,
25华能MTN002,100.34,1.555,-1.75,1.555,
23附息国债15,102.21,1.18,0.5,1.18,
26光大银行CD042,98.55,1.4775,1.0,1.4775,
26河北债21,102.03,1.768,0.3,1.768,
26福建债12,100.06,1.6,2.05,1.6,
26湖南32,99.82,1.77,0.4,1.77,
24国开清发01,104.55,1.5425,1.0,1.5425,
26泸州窖MTN002,99.89,1.6,-1.5,1.6,
26山东债66,101.31,2.0468,-0.12,2.0468,
26安徽债36,101.64,2.0405,0.3,2.0405,
26沪港务MTN002,100.15,1.6325,-0.25,1.6325,
25北京银行CD168,98.36,1.4397,-0.05,1.4397,
23光大水务MTN001,100.51,1.6,-2.0,1.6,
26河北债19,101.76,1.7679,0.04,1.7679,
26河北债05,101.92,1.7676,,1.7676,
25广发银行CD304,98.79,1.3884,-1.14,1.3884,
25电网MTN001,100.42,1.6268,0.01,1.6268,
25广东债49,100.9,2.2775,0.95,2.2775,
25建行科创债01A(BC),100.28,1.4833,-0.6,1.4833,
25兴业银行科创债01,100.27,1.4904,-0.61,1.4904,
25工行科创债01BC,100.26,1.4916,1.22,1.4916,
25国开科创01清发,99.9,1.4093,-0.61,1.4093,
25国航MTN007,100.23,1.605,0.5,1.605,
21附息国债03,145.33,2.1675,-1.25,2.1675,
23进出07,104.89,1.5087,-1.13,1.5087,
24广东债79,103.83,1.59,0.13,1.59,
